순번,종류,번호,가로시설물,설치일,공사구분,공사날짜,공사내용,이력변경,좌표(Poi_X),좌표(Poi_Y),전원투입,행정구,지번 주소,도로명 주소,위치명
1,쉘터형 택시 승차대,A-02,표준형TS,2010-10-02,이설,2017-03-25,신분당선 공사로 이설,3월 이설,127.02229,37.50828,OK,강남구,논현동 164,강남대로 518,어반테일러 앞
2,쉘터형 택시 승차대,A-03,표준형TS,2010-10-14,,,,,127.02127,37.51668,,강남구,논현동 2-15,도산대로 114,수일빌딩 앞(수협은행 앞)
3,쉘터형 택시 승차대,A-04,스마트TS,2010-10-29,교체,2019-06-05,표준형TS => 스마트TS 교체 설치,6월 교체,127.022959,37.518136,OK,강남구,신사동 537-8,도산대로 133,가로수길 영동빌딩 (올리브영 가로수길 중앙점 앞)
4,쉘터형 택시 승차대,A-08,표준형TS,2010-10-07,,,,,127.03552,37.5137,OK,강남구,논현동 248,언주로 640,임페리얼팰리스호텔 앞
5,쉘터형 택시 승차대,A-09,표준형TS,2002-01-01,교체,2021-05-28,21년도 택시승차대 5단계 개선정비,5월 교체,127.05136,37.51688,OK,강남구,삼성동 52-17,삼성로 646,한국건설기술인협회별관 좌측(상아아파트 건너)
6,쉘터형 택시 승차대,A-10,표준형TS,2010-09-29,,,,,127.05093,37.51729,,강남구,삼성동 21,삼성로 649,상아아파트 4동 앞
7,쉘터형 택시 승차대,A-11,표준형TS,2010-10-29,,,,     ,127.03311,37.525,OK,강남구,신사동 623-5,언주로 835,삼원가든 앞
8,쉘터형 택시 승차대,A-12,표준형TS,2010-10-07,,,,,127.03547,37.51807,OK,강남구,논현동 105-7,언주로 726,논현삼계탕 앞(서울세관 건너)
9,쉘터형 택시 승차대,A-13,TS,2002-01-01,,,,,127.03746,37.50988,,강남구,논현동 275,언주로 116길,논현동부센트레빌 103동 앞
10,쉘터형 택시 승차대,A-14,표준형TS,2010-09-30,,,,,127.04885,37.51868,OK,강남구,청담동 46-16,학동로 435,언고신관빌딩(삼성동롯데아파트 101동 건너)
11,쉘터형 택시 승차대,A-15,TS(Stern),2015-04-28,,,,,127.06058,37.51303,OK,강남구,삼성동 111-8,영동대로 513,코엑스 아트홀 앞
12,쉘터형 택시 승차대,A-16,표준형TS,2010-10-04,,,,,127.06234,37.51098,,강남구,삼성동 167,영동대로 512,한국전력 우측
13,쉘터형 택시 승차대,A-17,표준형TS,2010-11-23,,,,,127.05613,37.49127,,강남구,대치동 500,남부순환로 2912,그랑프리엔상가 앞
14,쉘터형 택시 승차대,A-20,표준형TS,2010-10-04,,,,,127.04776,37.50374,OK,강남구,역삼동 804,테헤란로 156,빅토리아빌딩 앞(선릉역 5번출구)
15,쉘터형 택시 승차대,A-22,표준형TS,2002-01-01,교체,2021-05-22,21년도 택시승차대 5단계 개선정비,5월 교체,127.0643,37.49484,,강남구,대치동 509,삼성로 156,서울대곡초교 앞(대치역 6번출구)
16,쉘터형 택시 승차대,A-23,표준형TS,2010-11-23,이설,2021-05-22,21년도 택시승차대 5단계 개선정비,5월 이설,127.06101,37.49331,,강남구,대치2동 507,남부순환로 2936,선경종합상가 앞(선경아파트 1동)
17,쉘터형 택시 승차대,A-24,TS,2002-01-01,,,,,127.06273,37.49445,,강남구,대치1동 599,남부순환로 2947,하나대투증권 대치역지점 앞(대치역 2번출구)
18,쉘터형 택시 승차대,A-27,표준형TS,2010-10-01,,,,,127.06472,37.50644,,강남구,삼성동 1008-3,영동대로 416,코스모타워 앞
19,쉘터형 택시 승차대,A-28,표준형TS,2010-10-07,,,,,127.03057,37.49882,OK,강남구,역삼동 824-3,테헤란로 114,동경빌딩 앞(올레서비스센터 강남점)
20,쉘터형 택시 승차대,A-30,표준형TS,2010-11-24,,,,,127.05114,37.4896,OK,강남구,도곡동 467-7,남부순환로 2804,아카데미스위트 빌딩 앞(타워팰리스2차 우측)
21,쉘터형 택시 승차대,A-31,TS,2002-01-01,,,,,127.04885,37.49484,OK,강남구,도곡동 538,도곡로 320,래미안도곡카운티아파트 101동 앞
22,쉘터형 택시 승차대,A-32,표준형TS,2010-10-03,,,,,127.04141,37.50233,,강남구,역삼동 676,테헤란로 237,르네상스호텔 앞
23,쉘터형 택시 승차대,A-33,표준형TS,2010-10-30,,,,,127.04807,37.50408,OK,강남구,역삼동 708,테헤란로 328,현정빌딩 앞(선릉역 4번출구)
24,쉘터형 택시 승차대,A-35,표준형TS,2010-11-24,,,,,127.05524,37.49695,OK,강남구,대치동 408,도곡로 408,고용노동부 서울강남지청 앞
25,쉘터형 택시 승차대,B-03,표준형TS,2019-10-24,신설,2017-01-12,구청 요청으로 신규 설치,10월 신설,127.16375,37.556627,,강동구,고덕동 299,고덕로,고덕그라시움 107동 앞
26,쉘터형 택시 승차대,B-05,TS,2002-01-01,,,,,127.12901,37.52369,,강동구,성내3동 448-11,강동대로 207,삼성SDS 성내사옥 앞
27,쉘터형 택시 승차대,B-07,표준형TS,2002-01-01,교체,2021-05-21,21년도 택시승차대 5단계 개선정비,5월 교체,127.13698,37.53029,,강동구,성내3동 397-10,양재대로 1393,삼진빌딩 앞
28,쉘터형 택시 승차대,B-08,표준형TS,2002-01-01,교체,2021-05-21,21년도 택시승차대 5단계 개선정비,5월 교체,127.12172,37.52703,OK,강동구,성내동 459-6,강동대로 143-22,채선당 올림픽공원점 앞(청구빌라트 옆)
29,쉘터형 택시 승차대,B-16,TS,2002-01-01,,,,,127.14254,37.54616,,강동구,천호동 42,양재대로 1571,홈플러스 강동점앞(굽은다리역 2번 출구 방향)
30,쉘터형 택시 승차대,B-17,표준형TS,2012-04-13,,,,,127.14826,37.55476,,강동구,상일동149,동남로 892,강동경희대학교병원앞(장례식장 건물 앞)
31,쉘터형 택시 승차대,C-03,TS(시범),2002-01-01,,,,,127.02421,37.63159,,강북구,미아동 189-14,도봉로 260,운산빌딩 앞
32,쉘터형 택시 승차대,C-04,표준형TS,2012-07-04,,,,,127.03024,37.61466,,강북구,미아동 70-6,도봉로 62,롯데백화점 미아점 앞
33,쉘터형 택시 승차대,D-01,표준형TS,2011-09-23,,,,,126.84906,37.55134,OK,강서구,화곡동 998-9,화곡로 301,강서구청 건너
34,쉘터형 택시 승차대,D-09,표준형TS,2011-09-22,,,,,126.83706,37.55854,OK,강서구,내발산동 644,공항대로 272,발산역8번출구
35,쉘터형 택시 승차대,D-14,표준형TS,2011-09-23,,,,,126.83977,37.5585,,강서구,등촌동 673-6,공항대로 291,성원sante view빌딩 앞(국민연금공단 옆)
36,쉘터형 택시 승차대,D-15,표준형TS,2011-09-22,,,,,126.83709,37.55881,,강서구,가양1동 970,공항대로 267,발산역9번출구
37,쉘터형 택시 승차대,D-18,표준형TS,2011-09-21,,,,,126.83844,37.54363,OK,강서구,화곡5동 1031-12,강서로 194,유광사 여성병원 앞
38,쉘터형 택시 승차대,D-21,표준형TS,2011-12-30,,,,,126.83977,37.5585,OK,강서구,가양동 451-3,동서대로 1700,강나루현대홈타운 101동 앞(가양역 5번 출구 방향)
39,쉘터형 택시 승차대,D-22,표준형TS,2011-12-29,,,,,126.83706,37.55854,OK,강서구,방화동 829-10,금낭화로 132,우장산역 2번출구 뒤편(우정산E편한세상상가 앞)
40,쉘터형 택시 승차대,D-23,표준형TS,2011-12-29,,,,,126.80598,37.56485,,강서구,내발산동 724-66,강서로 261,방화역 3번출구 앞(금강프라자 빌딩 앞)
41,쉘터형 택시 승차대,E-03,표준형TS,2011-01-20,,,,,126.910781,37.481054,OK,관악구,미성동 1485-1,남부순환로 1440,제이타워웨딩 앞(금천경찰서 건너)
42,쉘터형 택시 승차대,E-04,표준형TS,2011-01-23,,,,,126.97799,37.47638,OK,관악구,남현동 1058-15,남부순환로 272길,남부순환로 거당 음식점 앞
43,쉘터형 택시 승차대,E-06,표준형TS,2011-01-27,,,,,126.95058,37.48114,OK,관악구,봉천동 874-4,남부순환로 1801,벽송빌딩 앞(포몬스 서울대점)
44,쉘터형 택시 승차대,E-07,표준형TS,2011-01-27,,,,,126.92447,37.48975,,관악구,봉천1동 729-22,봉천로 209,롯데백화점 관악점 앞
45,쉘터형 택시 승차대,E-11,표준형TS,,이설,2016-05-20,철거 후 재설치 민원으로 10m 이전 설치,5월 이설,126.94131,37.47054,,관악구,신림동 237-27,신림로 73,서울산업정보학교 우측(테미스고시독서실 앞)
46,쉘터형 택시 승차대,F-03,표준형TS,2002-01-01,이설,2018-04-03,천호대로 공사로 인하여 전방 200m앞 이설,4월 이설,127.10245,37.54351,,광진구,광장동 396-4,천호대로 798-1,광장현대홈타운1201동 앞
47,쉘터형 택시 승차대,F-06,TS,2002-01-01,,,,,127.08152,37.55633,OK,광진구,능동 222-3,천호대로 572,전국교수공제회관 앞
48,쉘터형 택시 승차대,F-07,TS,2002-01-01,,,,,127.08939,37.55201,OK,광진구,능동 25,능동로 238,어린이대공원 후문앞(아차산역 5번출구)
49,쉘터형 택시 승차대,F-13,TS,2002-01-01,,,,,127.09476,37.5369,OK,광진구,구의동 546-1,강변역로 50,동서울종합터미널상가 앞
50,쉘터형 택시 승차대,F-15,표준형TS,2013-05-08,,,,,127.07095,37.53971,OK,광진구,자양동 227-342,능동로 90,롯데백화점 건대스타시티점 앞(건대병원 건너)
51,쉘터형 택시 승차대,G-01,TS,2002-01-01,,,,,126.88773,37.49453,OK,구로구,구로동 436,가마산로 235,구로경찰서 앞
52,쉘터형 택시 승차대,G-05,TS,2002-01-01,,,,,126.89168,37.50709,OK,구로구,구로동 1-4,새말로 121-15,신도림역 남광장 안 위치
53,쉘터형 택시 승차대,G-06,표준형TS,2011-09-27,,,,,126.84412,37.49532,OK,구로구,오류동 55-30,경인로 218,KEB외환은행 오류동 지점 앞
54,쉘터형 택시 승차대,G-08,표준형TS,2011-09-28,,,,,126.88991,37.49512,OK,구로구,구로동 98-5,가마산로 272,서울지역자활센터협회 앞
55,쉘터형 택시 승차대,G-10,표준형TS,2011-09-27,,,,,126.88548,37.49309,OK,구로구,구로동 339,가마산로 218,고대구로병원 치과센터 앞
56,쉘터형 택시 승차대,G-12,표준형TS,2011-09-28,,,,,126.889552,37.501452,OK,구로구,구로5동 110-2,공원로 59,상신운수 앞
57,쉘터형 택시 승차대,G-13,표준형TS,2011-09-28,,,,,126.890714,37.50014,OK,구로구,구로동 50,공원로 35,금호어울림아파트 앞(거리공원 방면)
58,쉘터형 택시 승차대,H-03,표준형TS,2011-01-18,,,,,126.90125,37.45341,OK,금천구,시흥동 889-3,시흥대로 218,KEB외환은행 시흥동 지점 앞
59,쉘터형 택시 승차대,H-07,표준형TS,2011-01-22,,,,,126.89793,37.46718,OK,금천구,독산동 1030,시흥대로 376,노보텔앰배서더 독산점 앞
60,쉘터형 택시 승차대,I-01,표준형TS,2011-04-20,,,,,127.05937,37.6582,OK,노원구,상계동 609,동일로 1449,도봉면허시험장 앞
61,쉘터형 택시 승차대,I-04,표준형TS,2011-05-28,,,,,127.06149,37.62318,,노원구,월계동 85,석계로 106,"성북역 2,3번 출구 앞"
62,쉘터형 택시 승차대,I-06,표준형TS,2011-05-28,,,,,127.07673,37.64792,,노원구,중계동 364-19,한글비석로 242,삼부프라자 앞(유경데파트 좌측)
63,쉘터형 택시 승차대,I-09,표준형TS,2011-09-26,,,,,127.05768,37.66137,,노원구,상계동 666,노원로 558,상계주공10단지 상가 앞
64,쉘터형 택시 승차대,I-10,표준형TS,2011-05-26,,,,,127.05972,37.65806,,노원구,상계동 692,동일로 1456,상계주공708동 앞(도봉면허시험장 건너)
65,쉘터형 택시 승차대,I-11,표준형TS,2011-09-26,,,,,127.06752,37.63568,OK,노원구,하계동 270,섬밭로 232,하계우성현대아파트 112동 앞
66,쉘터형 택시 승차대,I-12,표준형TS,2012-04-16,,,,,127.06227,37.65475,OK,노원구,상계동 724-2,노해로 492,프린스빌딩 앞
67,쉘터형 택시 승차대,J-03,표준형TS,2011-09-27,,,,,127.03478,37.649,OK,도봉구,쌍문동 83-5,도봉로 477,쌍문역 4번 출구 앞
68,쉘터형 택시 승차대,J-04,표준형TS,2015-06-12,,,,,127.04363,37.65194,,도봉구,창동 340,해등로 49,창동주공3단지앞(이마트사거리 앞)
69,쉘터형 택시 승차대,K-01,표준형TS,2011-01-09,,,,,127/02437,37.57595,OK,동대문구,신설동 101-2,왕산로 6,경영빌딩 앞(IBK기업은행 신설동지점)
70,쉘터형 택시 승차대,K-02,표준형TS,2011-01-07,,,,,127.07041,37.57004,OK,동대문구,장안2동 366-6,장한로 106,경남관광호텔 우측(명동찌개마을 장안점)
71,쉘터형 택시 승차대,K-04,표준형TS,2011-01-10,,,,,127.05122,37.56814,OK,동대문구,답십리동 496-2,천호대로 267,답십리역1번출구 앞
72,쉘터형 택시 승차대,K-08,표준형TS,2011-01-07,,,,,127.07017,37.57009,OK,동대문구,장안동 372-5,장한로 105,장안뉴시티주상복합 앞
73,쉘터형 택시 승차대,K-13,표준형TS,2011-01-06,,,,,127.06526,37.56284,OK,동대문구,장안동 432-1,장한로 17,국립농산물품질관리원 우측
74,쉘터형 택시 승차대,K-16,표준형TS,2011-01-10,,,,,127.03722,37.57424,OK,동대문구,용두동 792,정릉천동로 36,래미안허브리츠 아파트 102동 앞
75,쉘터형 택시 승차대,L-14,표준형TS,2011-05-29,,,,,126.94341,37.50525,OK,동작구,노량진2동 26,상도로31길 19,브라운스톤상도아파트 101동 앞
76,쉘터형 택시 승차대,L-17,표준형TS,2015-06-12,,,,,126.96035,37.50794,OK,동작구,흑석동 224-1,흑석로 102,노량진역2번출구앞
77,쉘터형 택시 승차대,L-18,표준형TS,2015-10-02,,,,,126.9058,37.4879,,동작구,신대방동 719,신대방1가길 38,동작쌍떼빌오피스텔앞
78,쉘터형 택시 승차대,M-03,표준형TS,2011-10-11,,,,,126.95232,37.54567,,마포구,공덕동 254-5,마포대로 122,신용보증기금 마포지점 앞
79,쉘터형 택시 승차대,M-05,표준형TS,2011-10-06,,,,,126.95558,37.55149,OK,마포구,아현동 737,마포대로 204,마포SK허브 빌딩 앞
80,쉘터형 택시 승차대,M-07,표준형TS,2011-10-05,,,,,126.91033,37.55583,,마포구,도화동 559,마포대로 53,트라팰리스빌딩 앞
81,쉘터형 택시 승차대,M-15,표준형TS,2011-10-10,,,,,126.916842,37.548259,OK,마포구,합정동 412-28,독막로 31,주식회사 메칸더브이 앞(혜당한방병원 건너)
82,쉘터형 택시 승차대,M-20,표준형TS,2011-10-10,,,,,126.935033,37.553863,OK,마포구,노고산동 109-125,서강로 18길 2,신의주 찹쌀순대점 앞
83,쉘터형 택시 승차대,M-21,표준형TS,2011-10-10,,,,,126.93462,37.55395,OK,마포구,노고산동 57,서강로 133,아이스페이스 빌딩 앞(하나은행 신촌지점 좌측)
84,쉘터형 택시 승차대,M-22,표준형TS,2011-10-10,,,,,126.927844,37.558135,OK,마포구,동교동 174-11,신촌로 12,동우빌딩 앞(키움참치 홍대점)
85,쉘터형 택시 승차대,M-23,표준형TS,2011-10-11,,,,,126.90607,37.56037,OK,마포구,망원동 478-4,월드컵로 137,홍반장감자탕전문점 앞
86,쉘터형 택시 승차대,M-24,표준형TS,2011-10-07,,,,,126.95017,37.5445,OK,마포구,공덕동 423-33,마포대로 109,마포롯데캐슬 앞(공덕역 2번출구 방향)
87,쉘터형 택시 승차대,M-25,표준형TS,2011-10-05,,,,,126.9484,37.54153,OK,마포구,도화동 169,마포대로 58,서울가든호텔 앞
88,쉘터형 택시 승차대,M-27,표준형TS,2011-10-06,,,,,126.91033,37.55583,OK,마포구,서교동 441-15,월드컵로 80,망원역 1번출구 앞
89,쉘터형 택시 승차대,N-02,표준형TS,2015-08-27,,,,,126.93602,37.56024,,서대문구,창천동 83-60,연세로 50,연세대 공학원 앞
90,쉘터형 택시 승차대,N-04,표준형TS,2011-05-16,,,,,126.9648,37.56353,OK,서대문구,충정로2가 164-33,충정로 53,골든타워(국민은행서대문지점)
91,쉘터형 택시 승차대,N-05,표준형TS,2011-04-23,,,,,126.96783,37.56439,OK,서대문구,미근동 197,통일로 105,경찰청 우측
92,쉘터형 택시 승차대,N-06,표준형TS,2011-04-24,,,,,126.93614,37.58131,OK,서대문구,홍은3동 274-82,연희로 271,서서울농협 홍은지점 앞
93,쉘터형 택시 승차대,N-07,표준형TS,2002-01-01,교체,2021-05-24,21년도 택시승차대 5단계 개선정비,5월 교체,126.94256,37.56237,,서대문구,신촌동 134,연세로 50,연세동문회관 앞
94,쉘터형 택시 승차대,N-10,표준형TS,2011-05-14,,,,,126.95073,37.58178,,서대문구,연희동 137-5,연희로 103,신라빌딩별관 앞(KEB외환은행 연희동지점)
95,쉘터형 택시 승차대,N-14,표준형TS,2011-04-24,,,,,126.96382,37.56197,,서대문구,충정로3가 139,충정로 29,도시기반시설본부 앞
96,쉘터형 택시 승차대,P-01,TS,2002-01-01,,,,,127.00394,37.50118,,서초구,반포동 123,반포대로 222,카톨릭대학교 서울성모병원 앞
97,쉘터형 택시 승차대,P-02,표준형TS,2002-01-01,이설,2017-04-10,교통간섭 민원(전방이설 및 표준형교체),4월 이설,126.9413,37.4706,OK,서초구,반포동 707-11,강남대로 519,삼전빌딩 앞(논현역 3번출구 방향)
98,쉘터형 택시 승차대,P-07,표준형TS,2002-01-01,이설,2021-03-29,자치구 교통간섭 사유/이설(후방 300mm),3월 이설,126.982434,37.487656,OK,서초구,방배동 1763,동작대로 126,김창숙부띠끄 앞
99,쉘터형 택시 승차대,P-10,TS,2002-01-01,,,,,127.03082,37.49087,OK,서초구,서초 1338,강남대로 311,강남대로 성지빌딩 앞
100,쉘터형 택시 승차대,P-12,표준형TS,2011-07-18,,,,,127.014728,37.480168,OK,서초구,서초동 701-10,남부순환로 2406,예술의전당 한가람미술관 앞
101,쉘터형 택시 승차대,P-13,TS,2002-01-01,,,,,127.01872,37.51798,OK,서초구,서초 잠원 8,강남대로107길 6,크레신타워오피스텔 앞
102,쉘터형 택시 승차대,P-14,표준형TS,2015-12-09,,,,,127.00744,37.50681,,서초구,반포3동 69,신반포로 213,반포쇼핑타운4동 앞(고속터미널역 8-2번출구)
103,쉘터형 택시 승차대,P-15,표준형TS,2002-01-01,교체,2021-05-27,21년도 택시승차대 5단계 개선정비,5월 교체,127.00767,37.50988,OK,서초구,반포동 398,잠원로 69,반포 뉴코아아울렛 앞
104,쉘터형 택시 승차대,P-16,표준형TS,2002-01-01,교체,2021-05-27,21년도 택시승차대 5단계 개선정비,5월 교체,127.00202,37.50532,,서초구,반포동 75,신반포로 165,반포쇼핑타운2동 앞(호남선 건너)
105,쉘터형 택시 승차대,P-22,표준형TS,2010-12-15,,,,,127.01656,37.48447,OK,서초구,서초동 1446,효룡로 292,남부터미널(4번출구 건너) 앞
106,쉘터형 택시 승차대,P-26,표준형TS,2013-09-16,,,,,127.01092,37.48563,OK,서초구,서초동 1583,반포대로 64,서초아트자이 아파트 앞
107,쉘터형 택시 승차대,P-31,표준형TS,2010-11-28,,,,,127.0143,37.52,OK,서초구,잠원동 51,잠원로 204,한신종합상사 좌측
108,쉘터형 택시 승차대,P-32,표준형TS,2002-01-01,교체,2021-05-27,21년도 택시승차대 5단계 개선정비,5월 교체,127.01098,37.47941,,서초구,서초동 700,남부순환로 2406,예술의 전당 음악당건물 앞
109,쉘터형 택시 승차대,Q-02,표준형TS,2011-07-01,,,,,127.04346,37.56658,OK,성동구,마장동 771-7,마장로 305,마장동 동광빌딩 앞
110,쉘터형 택시 승차대,Q-03,표준형TS,2011-07-01,,,,,127.04325,37.56622,OK,성동구,마장동 791-12,마장로 304,㈜아고라 앞(열산빌딩)
111,쉘터형 택시 승차대,Q-04,표준형TS,2011-07-05,,,,,127.04374,37.55446,,성동구,행당동17,왕십리로 222,한양대역 3번출구 앞
112,쉘터형 택시 승차대,Q-09,표준형TS,2011-07-02,,,,,127.03738,37.56983,OK,성동구,마장동 501,마장로 33길,KB국민은행 마장동지점 건너편
113,쉘터형 택시 승차대,Q-10,표준형TS,2011-07-02,,,,,127.03758,37.5696,OK,성동구,마장동 521-9,고산자로 336,기아부품대리점(기아상회) 앞
114,쉘터형 택시 승차대,Q-11,표준형TS,2011-07-04,,,,,127.05256,37.53964,,성동구,성수2가 1동 333,뚝섬로 379,이마트 앞
115,쉘터형 택시 승차대,Q-12,표준형TS,2014-07-16,,,,,127.04008,37.55733,,성동구,행당동 155-1,살곶이길 352,서울숲더샵 앞
116,쉘터형 택시 승차대,R-01,표준형TS,2011-01-30,,,,,127.02418,37.6016,OK,성북구,길음1동 530,동서문로 248,돈암삼성아파트 101동 앞
117,쉘터형 택시 승차대,R-04,표준형TS,2011-01-07,,,,,127.03585,37.58961,,성북구,안암동5가 1,안암로 145,고려대역 1번 출구 앞
118,쉘터형 택시 승차대,R-12,표준형TS,2011-01-25,,,,,127.04137,37.60145,OK,성북구,월곡 2동 34-44,월곡로 106-1,광흥빌딩 앞(월곡역 5번출구 방향)
119,쉘터형 택시 승차대,S-01,표준형TS,2011-01-05,,,,,127.07756,37.51144,,송파구,잠실본동 181-4,올림픽로 44,신천역 국민은행 앞
120,쉘터형 택시 승차대,S-02,표준형TS,2011-01-04,,,,,127.13505,37.49821,,송파구,오금동 165-1,오금로 432,개롱역 2번 출구 앞
121,쉘터형 택시 승차대,S-06,표준형TS,2016-09-30,,,,,127.10117,37.51226,,송파구,신천동 29,송파대로 514,롯데 너구리동상 건너(롯데월드타워 신축부지)
122,쉘터형 택시 승차대,S-12,표준형TS,2011-02-24,,,,,127.10651,37.51524,,송파구,신천동 29-5,올림픽로 326,송파구청 앞(교통회관 건너)
123,쉘터형 택시 승차대,S-13,표준형TS,2010-12-29,,,,,127.12666,37.51265,,송파구,방이동 88-2,올림픽로 424,올림픽공원 컨벤션센터 앞
124,쉘터형 택시 승차대,S-15,표준형TS,2011-01-05,,,,,127.08474,37.51183,,송파구,잠실동 19 ,올림픽로 119,파인애플상가 앞(신천역 5번출구)
125,쉘터형 택시 승차대,S-17,표준형TS,2011-01-05,,,,,127.07656,37.51179,,송파구,잠실동 10,올림픽로 23,잠실 학생체육관 입구
126,쉘터형 택시 승차대,S-18,표준형TS,2011-02-16,,,,,127.12337,37.51347,,송파구,방이동 181,위례성대로 102,태평양파크아파트 앞(청담어학원 우측)
127,쉘터형 택시 승차대,S-19,표준형TS,2011-02-22,,,,,127.11764,37.52854,OK,송파구,풍납동 402,올림픽로47길,풍납동쌍용아파트 103동
128,쉘터형 택시 승차대,S-21,표준형TS,2011-02-22,,,,,127.11498,37.51692,,송파구,방이동 89,위례성대로 51,올림픽공원 남4문 앞(임마누엘교회 건너)
129,쉘터형 택시 승차대,S-22,표준형TS,2016-03-22,,,,,127.1302,37.51554,,송파구,방이동 89-28,올림픽로 424,올림픽테니스장 앞(올림픽공원 동2문)
130,쉘터형 택시 승차대,S-23,표준형TS,2011-01-05,,,,,127.12619,37.50927,OK,송파구,방이동 206,양재대로71길,잠뱅이빌딩 앞(방이역 4번출구)
131,쉘터형 택시 승차대,S-24,표준형TS,2010-12-27,,,,,127.10801,37.51574,,송파구,방이동 23-2,올림픽로 342,대동타워 앞(형인타워)
132,쉘터형 택시 승차대,S-25,표준형TS,2016-10-05,,,,,127.10111,37.51164,,송파구,잠실동 40-1,올림픽로 240,롯데호텔월드 앞(너구리동상)
133,쉘터형 택시 승차대,S-27,표준형TS,2011-01-04,,,,,127.12696,37.50086,OK,송파구,가락동 10-3번지,중대로 23길,ICM모터스 앞(송파경찰서 좌측)
134,쉘터형 택시 승차대,S-29,표준형TS,2011-02-15,,,,,127.08844,37.51133,,송파구,잠실동 33,올림픽로 140,잠실트리지움 306동 앞(잠실2동주민센터 건너)
135,쉘터형 택시 승차대,S-36,표준형TS,2011-02-23,,,,,127.105,37.51509,,송파구,신천동 11-7,올림픽로 319,교통회관 앞(서울시교통연수원)
136,쉘터형 택시 승차대,S-37,표준형TS,2011-02-17,이설,2020-06-11,CCTV 이전공사로 인한 승차대 이전설치,6월 이설,127.0971,37.51227,,송파구,잠실동 40-1,올림픽로 240,롯데월드 정문 앞
137,쉘터형 택시 승차대,S-38,표준형TS,2011-02-23,,,,,127.07921,37.50848,OK,송파구,잠실동 196-4,백제고분로 83,에펠타워 앞
138,쉘터형 택시 승차대,S-46,표준형TS,2012-05-24,,,,,127.11998,37.47843,,송파구,문정동 409,충민로,가든파이브웨딩컨벤션 앞(래미안갤러리 건너)
139,쉘터형 택시 승차대,S-47,표준형TS,2015-06-15,,,,,127.10779,37.50637,,송파구,송파동 68,백제고분로 385,임진각빌딩(석촌역2번출구)
140,쉘터형 택시 승차대,T-02,표준형TS,2011-10-13,,,,,126.8744,37.52474,,양천구,목동 406-184,오목로 331,황실스튜디오 앞(목화금호아파트 102동)
141,쉘터형 택시 승차대,T-05,표준형TS,2011-10-19,,,,,126.86513,37.52592,OK,양천구,목동 927,목동로 212,목동아파트7단지 734동 앞(목동역 5번출구)
142,쉘터형 택시 승차대,T-11,표준형TS,2011-10-17,,,,,126.86889,37.52229,OK,양천구,신정동 314,목동서로 280,목동아파트8단지 804동 앞
143,쉘터형 택시 승차대,T-13,표준형TS,2011-10-17,,,,,126.86211,37.51671,OK,양천구,신정동 312,목동서로 340,목동아파트9단지 931동 앞(E스타빌 건너)
144,쉘터형 택시 승차대,T-15,표준형TS,2011-10-13,,,,,126.86589,37.51804,,양천구,신정동 313,목동서로 340,목동아파트9단지 912동 앞(양천구보건소 건너)
145,쉘터형 택시 승차대,T-17,표준형TS,2011-10-18,,,,,126.86418,37.52669,OK,양천구,신정동 900-10,목동로 203,로데오빌딩 앞(우리은행 목동역지점)
146,쉘터형 택시 승차대,T-19,표준형TS,2011-10-18,,,,,126.8646,37.52491,OK,양천구,신정동 995,목동로 189,진성빌딩 앞(하나대투증권 목동지점)
147,쉘터형 택시 승차대,T-20,표준형TS,2011-10-24,,,,,126.88402,37.53681,,양천구,목동 911,목동동로 430,목동6단지아파트 601동 앞
148,쉘터형 택시 승차대,T-25,표준형TS,2011-10-24,,,,,126.882,37.53786,,양천구,목동 901,목동서로 38,한신청구아파트 134동 앞
149,쉘터형 택시 승차대,T-26,TS(시범),2002-01-01,,,,,126.86284,37.51003,OK,양천구,신정동 276,목동로3길 41,양천아파트 단지내 114동~105동 사이도로
150,쉘터형 택시 승차대,T-28,표준형TS,2011-11-26,,,,,126.86441,37.52287,,양천구,신정동 313-1,신월로 386,서울남부지방법원 앞
151,쉘터형 택시 승차대,U-05,표준형TS,2011-04-05,,,,,126.90998,37.51746,,영등포구,영등포동3가4-4,영등포로236,영등포재래시장 건너(세븐일레븐 앞)
152,쉘터형 택시 승차대,U-08,표준형TS,2011-04-01,,,,,126.9012,37.52677,OK,영등포구,당산동3가2-11,국회대로 608,영등포경찰서 앞
153,쉘터형 택시 승차대,U-11,표준형TS,2011-04-07,,,,,126.89696,37.52674,,영등포구,당산동3가 386-1,당산로 133,국민은행 영등포구청지점 앞(영등포구청 3번출구)
154,쉘터형 택시 승차대,U-15,표준형TS,2011-04-14,,,,,126.90775,37.49081,OK,영등포구,대림동962-5,시흥대로 659,천지당약국 앞(대림성모병원 옆)
155,쉘터형 택시 승차대,U-19,표준형TS,2011-04-01,,,,,126.903286,37.525759,OK,영등포구,영등포동7가 59-1,영신로200,하이서울유스호스텔 앞
156,쉘터형 택시 승차대,U-22,표준형TS,2011-04-06,,,,,126.899465,37.514061,OK,영등포구,문래동3가55-20,경인로 775,에이스하이테크시티(구로세무서 건너)
157,쉘터형 택시 승차대,U-23,표준형TS,2011-08-05,,,,,126.92716,37.52552,,영등포구,여의도동 23 ,국제금융로 10,IFC서울 앞(콘래드서울)
158,쉘터형 택시 승차대,U-24,표준형TS,2011-03-29,,,,,126.920146,37.522686,,영등포구,여의도동 28-1,여의대로 24,전경련 앞
159,쉘터형 택시 승차대,U-27,표준형TS,2011-04-05,,,,,126.90961,37.51876,OK,영등포구,영등포동3가2,영등포로 256,우성빌딩(콜핑 앞)
160,쉘터형 택시 승차대,U-29,표준형TS,2011-04-04,,,,,126.90569,37.52744,,영등포구,영등포8가 62-1,영중로 125,롯데마트 앞(빅마켓 영등포점)
161,쉘터형 택시 승차대,U-32,표준형TS,2011-04-06,,,,,126.89505,37.51746,,영등포구,문래동3가55-3,당산로 42,홈플러스 영등포점 앞
162,쉘터형 택시 승차대,U-38,표준형TS,2011-03-30,,,,,126.933244,37.526066,,영등포구,여의도동 30,여의나루로 126,목화아파트 1동 앞(여의나루역 4번출구)
163,쉘터형 택시 승차대,U-39,표준형TS,2011-04-04,,,,,126.901528,37.506266,OK,영등포구,신길동 364,도림로 323,신길건영상가 앞
164,쉘터형 택시 승차대,U-45,표준형TS,2012-03-19,,,,,126.90663,37.51654,OK,영등포구,영등포동618-496,경인로 846,영등포역 앞(롯데시네마)
165,쉘터형 택시 승차대,V-02,표준형TS,2010-10-08,,,,,127.00679,37.53514,OK,용산구,한남동707-18,한남대로 72,단국빌딩 앞(기업은행)
166,쉘터형 택시 승차대,V-03,표준형TS,2010-10-09,,,,,127.00143,37.53783,OK,용산구,한남동683-73,이태원로 262,폭스바겐앞
167,쉘터형 택시 승차대,V-04,표준형TS,2010-10-09,,,,,126.9996,37.53608,OK,용산구,한남동738-15,이태원로45길4,썬힐환전소 앞(우리은행 한남동지점 좌측)
168,쉘터형 택시 승차대,V-05,표준형TS,2010-10-08,,,,,127.00126,37.53796,OK,용산구,한남동739-1,이태원로 261,로즈베이커리 앞
169,쉘터형 택시 승차대,V-06,표준형TS,2011-05-12,,,,,126.9727,37.54296,OK,용산구,남영동74,한강대로 276,용산빌딩 건너(더조은참치 앞)
170,쉘터형 택시 승차대,V-07,표준형TS,2011-05-13,,,,,126.96963,37.55024,OK,용산구,사계동209,청파로345,주연빌딩 앞(우리은행)
171,쉘터형 택시 승차대,V-09,표준형TS,2011-05-13,,,,,126.968844,37.553739,OK,용산구,서계동224-32,청파로383,소화아동병원 앞(서울서부역 건너)
172,쉘터형 택시 승차대,V-14,표준형TS,2011-05-12,,,,,126.96918,37.5302,OK,용산구,한강로2가142,한강대로 118,용산우체국 앞
173,쉘터형 택시 승차대,V-15,표준형TS,2011-05-18,,,,,126.95585,37.53197,,용산구,한강로3가16-49,청파로40,삼구빌딩(하나은행 앞)
174,쉘터형 택시 승차대,V-17,표준형TS,2011-05-23,이설,2019-10-10,오피스텔 신축공사 및 도로확장으로 이설,10월 이설,126.9641,37.52499,OK,용산구,한강로3가65-325,한강대로 40,용산GS칼텍스 옆
175,쉘터형 택시 승차대,V-26,표준형TS,2011-05-18,,,,,126.95927,37.53423,OK,용산구,원효로3가52-5,원효로142,삼원빌딩(기업은행 앞)
176,쉘터형 택시 승차대,V-60,TS,2002-01-01,,,,,126.98043,37.52061,OK,용산구,용산동6가168-6,서빙고로139,용산가족공원 앞(중앙박물관앞)
177,쉘터형 택시 승차대,V-65,표준형TS,2013-04-04,,,,,127.00432,37.53352,,용산구,한남동657-58,대사관로 59,순천향대학교병원 앞
178,쉘터형 택시 승차대,V-70,표준형TS,2016-11-30,신설,2016-12-01,경의선 공사 관련 서울시 협조요청,12월 설치,126.962545,37.538802,OK,용산구,효창동 36,,효창공원역 5번출구 앞
179,쉘터형 택시 승차대,V-71,표준형TS,2017-03-19,신설,2018-03-19,용산역 환승센터 확장형 택시승차대 4기,3월 설치,126.965396,37.528624,OK,용산구,한강로3가 40-999,한강대로23길 55,용산역 아이파크몰
180,쉘터형 택시 승차대,V-75,표준형TS,2017-03-19,신설,2018-03-19,용산역 환승센터 R타입 택시승차대 1기,3월 설치,126.965905,37.528562,OK,용산구,한강로2가 346-1,,용산역 아이파크몰(건너)
181,쉘터형 택시 승차대,W-03,표준형TS,2011-04-20,,,,,126.92247,37.60562,OK,은평구,역촌동17-16,진흥로 99,임현성내과의원 앞(역촌역1번출구)
182,쉘터형 택시 승차대,W-04,표준형TS,2011-04-15,,,,,126.91707,37.61046,OK,은평구,역촌동1-46,연서로 130-1,대지빌딩 앞(구산역2번출구)
183,쉘터형 택시 승차대,W-10,TS(시범),2010-01-01,,,,,126.91982,37.60063,OK,은평구,응암동90-1,은평로 111,이마트 은평점 앞
184,쉘터형 택시 승차대,W-11,표준형TS,2017-04-10,신설,2017-04-13,신규 설치(확장형 1기) - 4차분 승차대 Type,4월 설치,126.918713,37.636824,OK,은평구,진관동 69-11,진관3로 20,구파발역.롯데몰
185,쉘터형 택시 승차대,X-01,표준형TS,2010-10-29,이설,2018-04-30,종로BRT 및 자전거도로 관련 긴급 이설,4월 이설,126.97884,37.57054,,종로구,종로1가 54,종로 55,교보생명빌딩 옆(한국수출무역공사 건너)
186,쉘터형 택시 승차대,X-03,표준형TS,2010-10-27,이설,2018-04-30,종로BRT 및 자전거도로 관련 긴급 이설,4월 이설,126.99001,37.57023,OK,종로구,종로3가 111,종로 114,KT올레 종로3가점 옆
187,쉘터형 택시 승차대,X-04,표준형TS,2010-10-28,이설,2018-06-02,종로BRT 및 자전거도로 관련 긴급 이설,6월 이설,126.99362,37.57034,OK,종로구,종로3가 154,종로144-1,성철제치과의원 앞(두산의료기 앞)
188,쉘터형 택시 승차대,X-08,TS,2002-01-01,,,,,127.0211,37.57453,OK,종로구,숭인동200-6,종로 394,NH농협 신설동지점 앞(KT동대문지사 옆)
189,쉘터형 택시 승차대,X-11,표준형TS,2010-10-28,,,,,127.00116,37.571,OK,종로구,종로5가 94,종로 211,SK텔레컴 앞(종로5가역 1번출구)
190,쉘터형 택시 승차대,X-12,표준형TS,2010-10-27,이설,2018-04-30,종로BRT 및 자전거도로 관련 긴급 이설,4월 이설,126.99319,37.57056,,종로구,종로3가 33,종로 139-1,종로3가역  11번출구 앞
191,쉘터형 택시 승차대,X-13,표준형TS,2010-10-26,,,,,126.98903,37.57029,OK,종로구,종로2가 40,수표로 105,탑골공원삼일문 옆
192,쉘터형 택시 승차대,X-14,표준형TS,2010-10-30,,,,,126.98167,37.57032,OK,종로구,청진동 70,종로 33,종각역 1번 출구 앞
193,쉘터형 택시 승차대,X-15,표준형TS,2010-10-29,,,,,126.97869,37.57027,OK,종로구,서린동 136,종로14 ,한국수출보험공사 앞(광화문우체국 옆)
194,쉘터형 택시 승차대,X-16,표준형TS,2010-10-28,,,,,126.97524,37.57042,,종로구,신문로 1가 5-4,새문안로 101,포시즌호텔 앞(현재 공사중)
195,쉘터형 택시 승차대,X-19,표준형TS,2010-10-28,,,,,126.97498,37.5703,OK,종로구,신문로 1가 163,새문안로 92,광화문오피시아빌딩 앞
196,쉘터형 택시 승차대,X-23,표준형TS,2010-10-30,,,,,126.97909,37.57562,OK,종로구,중학동110-2,종로1길 57,명동칼국수 앞(독도교육센터)
197,쉘터형 택시 승차대,X-26,표준형TS,2002-01-01,교체,2021-05-26,21년도 택시승차대 5단계 개선정비,5월 교체,127.00108,37.57618,OK,종로구,연건동128-8,대학로 57,홍익대학교 대학로캠퍼스 앞
198,쉘터형 택시 승차대,X-27,TS,2002-01-01,,,,,126.98549,37.5767,OK,종로구,안국동138-2,율곡로 55,우리은행 재동지점 앞
199,쉘터형 택시 승차대,X-28,TS,2002-01-01,,,,,126.98299,37.57318,OK,종로구,견지동 68-5,우정국로 46,신한은행 종로금융센터 앞
200,쉘터형 택시 승차대,X-29,TS,2002-01-01,,,,,126.98746,37.56866,OK,종로구,관철동10-2,청계천로 85,한국산업은행 앞
201,쉘터형 택시 승차대,X-32,TS,2002-01-01,,,,,127.00225,37.57936,,종로구,동숭동169-1,대학로86,한국방송통신대학교 앞
202,쉘터형 택시 승차대,X-35,TS,2002-01-01,,,,,126.99791,37.57307,OK,종로구,인의동101-1,창경궁로 119,서울시재향군인회 앞(한국교직원공제회 옆)
203,쉘터형 택시 승차대,X-37,표준형TS,2002-01-01,교체,2021-05-25,21년도 택시승차대 5단계 개선정비,5월 교체,126.99938,37.58359,OK,종로구,명륜3가 168-1,창경궁로247,명륜음악학원 앞
204,쉘터형 택시 승차대,X-39,TS,2002-01-01,,,,,126.98775,37.56944,OK,종로구,관철동 5-7,삼일대로 390,코아아트홀 옆
205,쉘터형 택시 승차대,X-47,표준형TS,2002-01-01,교체,2021-05-26,21년도 택시승차대 5단계 개선정비,5월 교체,126.99986,37.57585,,종로구,연지동1-1,율곡로 190,여전도회관 앞
206,쉘터형 택시 승차대,Y-01,표준형TS,2010-10-20,,,,,126.97914,37.56434,OK,중구,소공동87-1,소공로112,조선호텔 앞
207,쉘터형 택시 승차대,Y-02,표준형TS,2010-10-12,,,,,126.97923,37.56436,OK,중구,남대문로2가9-9,소공로 102,한화빌딩 앞
208,쉘터형 택시 승차대,Y-04,표준형TS,2011-10-28,,,,,126.97377,37.56288,OK,중구,서소문동75-95,서소문로 116,"유원빌딩 앞(제일은행,시청역 9번출구)"
209,쉘터형 택시 승차대,Y-07,표준형TS,2011-10-28,,,,,126.97203,37.55798,OK,중구,남대문로5가 63,통일로 24,일신빌딩 앞(한일빌딩 옆)
210,쉘터형 택시 승차대,Y-16,표준형TS,2011-10-26,,,,,127.01599,37.56474,OK,중구,무학동 4,다산로 243,신당역 7번출구 앞(SK주유소 건너)
211,쉘터형 택시 승차대,Y-17,표준형TS,2010-10-19,이설,2020-05-22,보도확장으로 기존 위치체서 앞으로 이설,5월 설치,126.99599,37.5618,,중구,충무로4가 120-3,퇴계로 217,진양상가 앞(행복컨벤션웨딩홀 건너)
212,쉘터형 택시 승차대,Y-19,표준형TS,2010-10-17,,,,,126.98479,37.56609,OK,중구,을지로2가 11,을지로 65,SK빌딩 앞(외환은행본점 건너)
213,쉘터형 택시 승차대,Y-20,TS(시범),2010-01-01,,,,,126.97953,37.56748,OK,중구,무교동95,무교로 20,어린이재단빌딩 앞(기업은행 무교지점앞)
214,쉘터형 택시 승차대,Y-21,표준형TS,2018-06-03,신설,2018-06-03,중구 요청 승차대 신설,6월 설치,126.98695,37.56109,OK,중구,충무로 2가 62-12,퇴계로137,명동역 롯데호텔 L7앞
215,쉘터형 택시 승차대,Y-23,표준형TS,2010-10-11,,,,,126.98245,37.56732,,중구,다동103,남대문로 113,동부상호저축은행 앞
216,쉘터형 택시 승차대,Y-25,표준형TS,2011-10-25,,,,,127.00789,37.55146,OK,중구,신당동353-22,다산로 77,약수한방삼계탕 앞(송도병원 건너)
217,쉘터형 택시 승차대,Y-26,표준형TS,2010-10-12,,,,,126.97912,37.56119,OK,중구,남창동1-1,남대문로 30,새로나쇼핑 앞(한국은행 건너)
218,쉘터형 택시 승차대,Y-28,표준형TS,2011-10-25,,,,,127.01026,37.55393,OK,중구,신당동 368-99,다산로 112,담스빌딩 앞
219,쉘터형 택시 승차대,Y-29,표준형TS,2010-10-11,,,,,126.98482,37.56604,OK,중구,을지로 2가 181,을지로 66,외환은행본점 앞
220,쉘터형 택시 승차대,Y-30,표준형TS,2010-11-22,,,,,126.99181,37.56626,OK,중구,을지로3가 315-3,을지로 124-1,원인인테리어 앞
221,쉘터형 택시 승차대,Y-39,TS,2002-01-01,,,,,127.00491,37.56662,,중구,을지로6가 18-79,을지로 245,국립의료원 정문 옆
222,쉘터형 택시 승차대,Y-42,표준형TS,2010-11-22,,,,,126.99175,37.56638,OK,중구,을지로3가 65-38,을지로 123,일위건업 앞
223,쉘터형 택시 승차대,Y-49,표준형TS,2010-10-18,,,,,127.00296,37.56036,OK,중구,장충동2가 186-38,동호로 288,오래복집 앞(엠버서더호텔 건너)
224,쉘터형 택시 승차대,Y-54,표준형TS,2011-10-26,,,,,127.01632,37.56612,OK,중구,을지로6가 18-212,장충단로 263,밀리오레빌딩 앞
225,쉘터형 택시 승차대,Y-58,표준형TS,2002-01-01,교체,2021-06-02,21년도 택시승차대 5단계 개선정비,6월 교체,126.97032,37.56148,OK,중구,순화동 7,서소문로 88,"중앙일보사,하나은행 옆"
226,쉘터형 택시 승차대,Y-59,표준형TS,2011-11-07,,,,,126.96925,37.55586,,중구,봉래동2가 122,한강대로 405,서울서부역 롯데마트 앞
227,쉘터형 택시 승차대,Y-60,표준형TS,2012-03-15,,,,,126.97914,37.56434,OK,중구,을지로1가192-11,을지로 12,JEI재능교육빌딩 앞
228,쉘터형 택시 승차대,Z-01,표준형TS,2011-01-05,,,,,127.07858,37.60595,OK,중랑구,묵동250-23,동일로 847,성일빌딩 앞(LG베스트샾)
229,쉘터형 택시 승차대,Z-02,표준형TS,2011-01-05,,,,,127.07973,37.59989,OK,중랑구,중화동303-16,동일로 777,진정훈동물병원 앞(SK텔레컴대리점)
230,쉘터형 택시 승차대,Z-03,표준형TS,2011-01-04,,,,,127.09031,37.59747,OK,중랑구,상봉동81,망우로 336,COSTCO 앞
231,쉘터형 택시 승차대,Z-07,표준형TS,2010-01-01,이설,2019-04-23,상봉터미널앞 => 건너편 이마트앞 이전설치,4월 이설,127.09359,37.59689,,중랑구,망우동 506-1,상봉로 118,이마트 상봉점 앞
232,쉘터형 택시 승차대,Z-08,표준형TS,2017-04-15,신설,2017-04-15,서울의료원 및 자치구 요청 신규 설치,4월 설치,127.098009,37.613475,OK,중랑구,신내동 316 ,신내로 156,서울의료원
233,쉘터형 택시 승차대,Z-09,표준형TS,2018-05-25,신설,2018-05-25,구청 민원요청 신설,5월 설치,127.092399,37.598962,OK,중랑구,상봉동 72-8 ,망우로55길 11-7,망우역사 앞
234,폴형 택시승차대,Pole-01,폴형TS,2016-09-01,,,,,127.02607,37.501586,,강남구,역삼동 814-6,,CGV강남점 앞
235,폴형 택시승차대,Pole-02,폴형TS,2016-09-01,,,,,127.018274,37.625289,,강북구,삼양동 777,,롯데마트삼양점 앞
236,폴형 택시승차대,Pole-03,폴형TS,2016-09-01,,,,,127.019642,37.644993,,강북구,수유동 730,,뉴스부동산 앞
237,폴형 택시승차대,Pole-04,폴형TS,2016-09-01,,,,,127.023726,37.631959,,강북구,수유1동 51-77,,수유프라자 옆
238,폴형 택시승차대,Pole-05,폴형TS,2016-09-01,,,,,127.095488,37.536634,,광진구,구의동 546-4,,"강변테크노마트 옆,광나루로56길"
239,폴형 택시승차대,Pole-06,폴형TS,2016-09-01,,,,,126.882588,37.501799,,구로구,구로동 496-128,,AK프라자 주차장 입구(커피빈 앞)
240,폴형 택시승차대,Pole-07,폴형TS,2016-09-01,,,,,126.894453,37.45626,,금천구,시흥동 113-190,,금천구청역 1번출구 옆
241,폴형 택시승차대,Pole-08,폴형TS,2016-09-01,철거,2019-08-19,자치구 요청,,127.049007,37.653504,,도봉구,창동 135-1,,창동역 1번출구 앞 고가 밑
242,폴형 택시승차대,Pole-09,폴형TS,2016-09-01,,,,,126.938934,37.513593,,동작구,노량진동 40-62,,노량진수산시장 중앙정류소 앞
243,폴형 택시승차대,Pole-10,폴형TS,2016-09-01,     ,,,,126.980247,37.484824,,동작구,사당동 144-18,,이수역 10번출구 앞
244,폴형 택시승차대,Pole-11,폴형TS,2016-09-01,,,,,126.981831,37.484117,,동작구,사당동 1007-39,,LG베스트샵 앞
245,폴형 택시승차대,Pole-12,폴형TS,2016-09-01,,,,,127.026174,37.500446,,서초구,서초동 1306-5,,지오다노강남점 앞
246,폴형 택시승차대,Pole-13,폴형TS,2016-09-01,,,,,127.104211,37.519521,,송파구,신천동 15,,장미2차아파트 31동 옆
247,폴형 택시승차대,Pole-14,폴형TS,2016-09-01,,,,,126.96917,37.554384,,용산구,동자동 44-6,,한국철도공사 앞
248,폴형 택시승차대,Pole-15,폴형TS,2016-09-01,,,,,126.96917,37.554384,,용산구,동자동 44-6,,한국철도공사 앞
249,폴형 택시승차대,Pole-16,폴형TS,2016-09-01,,,,,126.96917,37.554384,,용산구,동자동 44-6,,한국철도공사 앞
250,폴형 택시승차대,Pole-17,폴형TS,2016-09-01,,,,,127.06746,37.623201,,노원구,월계동 17,,월계미성아파트 15동 옆
251,폴형 택시승차대,Pole-18,폴형TS,2016-10-12,임시철거,2021-01-18,신안산선,,126.90359,37.484531,,관악구,신림동 1677-5,,"관악,동작 견인차량보관소 입구(공중화장실 앞)"
252,폴형 택시승차대,Pole-19,폴형TS,2016-10-12,임시철거,2021-01-18,복선전철 공사,,126.484412,37.484412,,관악구,신림동 1643,,24시공단사우나 옆
253,폴형 택시승차대,Pole-20,폴형TS,2016-10-13,,,,,126.888927,37.50966,,구로구,신도림동 337,,홈플러스 앞
254,폴형 택시승차대,Pole-21,폴형TS,2016-10-13,철거,2017-04-10,신분당선 공사,,127.024689,37.503527,,서초구,서초동 1303-31,,신논현역 6번출구 교보타워 앞
255,폴형 택시승차대,Pole-22,폴형TS,2017-04-21,신설,,,,126.886019,37.525558,,영등포구,양평동2가 33-1,,양평역 1번출구 건너
256,폴형 택시승차대,Pole-23,폴형TS,2018-06-03,신설,,,,126.986511,37.56088,,중구,퇴계로134,,명동역 2번출구 앞(CU편의점 앞)
257,폴형 택시승차대,Pole-24,폴형TS,2019-04-23,신설,,,,127.092572,37.616654,,중랑구,신내로211,,봉화산역3번출구 앞
258,폴형 택시승차대,Pole-25,폴형TS,2019-08-29,신설,,,,127.079778,37.670621,,노원구,상계로309,,당고개역 1번출구
259,폴형 택시승차대,Pole-26,폴형TS,2020-04-14,신설,,,,127.091222,37.598008,,중랑구,망우로353,,프리미어엠코 앞
