시구,설치장소,주소,급속충전기(대),완속충전기(대),지원차종
서울특별시,서울특별시은평병원 주차장,서울특별시 은평구 백련산로 90,1 ,0 ,"SM3 Z.E,레이EV,소울EV,닛산리프,아이오닉EV,BMW i3,스파크EV,볼트EV,테슬라"
서울특별시,양재리본타워2단지아파트,서울특별시 서초구 양재동 212,0 ,4 ,"SM3 Z.E,레이EV,소울EV,닛산리프,아이오닉EV,BMW i3,스파크EV,볼트EV,테슬라"
서울특별시,연희동 홍연2교 옆 노상주차장,서울특별시 서대문구 연희동 736,1 ,0 ,"SM3 Z.E,테슬라"
서울특별시,응암3동 공영주차장,"서울특별시 은평구 불광천길 436 (응암동, 응암공영주차장)",1 ,0 ,"SM3 Z.E,레이EV,소울EV,닛산리프,아이오닉EV,BMW i3,스파크EV,볼트EV,테슬라"
서울특별시,LH강남힐스테이트,서울특별시 강남구 자곡동 자곡로3길 21,1 ,4 ,"SM3 Z.E,레이EV,소울EV,닛산리프,아이오닉EV,BMW i3,스파크EV,볼트EV,테슬라"
서울특별시,LH서울지사,서울특별시 강남구 선릉로 121길 12,1 ,0 ,"SM3 Z.E,레이EV,소울EV,닛산리프,아이오닉EV,BMW i3,스파크EV,볼트EV,테슬라"
서울특별시,가람아파트,서울특별시 강남구 일원동 일원로 127,1 ,0 ,"SM3 Z.E,레이EV,소울EV,닛산리프,아이오닉EV,BMW i3,스파크EV,볼트EV,테슬라"
서울특별시,강남구청 공영주차장,서울특별시 강남구 삼성동 16-1,1 ,0 ,"SM3 Z.E,레이EV,소울EV,닛산리프,아이오닉EV,BMW i3,스파크EV,볼트EV,테슬라"
서울특별시,강남데시앙파크,서울특별시 강남구 세곡동 헌릉로590길 63,1 ,1 ,"SM3 Z.E,레이EV,소울EV,닛산리프,아이오닉EV,BMW i3,스파크EV,볼트EV,테슬라"
서울특별시,강남데시앙포레,서울특별시 강남구 수서동 광평로34길55,1 ,3 ,"SM3 Z.E,레이EV,소울EV,닛산리프,아이오닉EV,BMW i3,스파크EV,볼트EV,테슬라"
서울특별시,강남세브란스 병원,서울특별시 강남구 언주로 211,2 ,0 ,"SM3 Z.E,레이EV,소울EV,닛산리프,아이오닉EV,BMW i3,스파크EV,볼트EV,테슬라"
서울특별시,강남아이파크,서울특별시 강남구 자곡동 자곡로 175,1 ,1 ,"SM3 Z.E,레이EV,소울EV,닛산리프,아이오닉EV,BMW i3,스파크EV,볼트EV,테슬라"
서울특별시,강남한신휴 플러스8단지,서울특별시 강남구 율현동 밤고개로27길 20,0 ,2 ,"SM3 Z.E,레이EV,소울EV,닛산리프,아이오닉EV,BMW i3,스파크EV,볼트EV,테슬라"
서울특별시,강남한신휴플러스6단지 아파트,서울특별시 강남구 율현동 밤고개로26길 50,1 ,2 ,"SM3 Z.E,레이EV,소울EV,닛산리프,아이오닉EV,BMW i3,스파크EV,볼트EV,테슬라"
서울특별시,강남한양수자인,서울특별시 강남구 자곡동 자곡로 260,1 ,4 ,"SM3 Z.E,레이EV,소울EV,닛산리프,아이오닉EV,BMW i3,스파크EV,볼트EV,테슬라"
서울특별시,개나리래미안 아파트,서울특별시 강남구 역삼동 역삼로 306,1 ,2 ,"SM3 Z.E,레이EV,소울EV,닛산리프,아이오닉EV,BMW i3,스파크EV,볼트EV,테슬라"
서울특별시,개나리푸르지오,서울특별시 강남구 역삼동 755-1,0 ,3 ,"SM3 Z.E,레이EV,소울EV,닛산리프,아이오닉EV,BMW i3,스파크EV,볼트EV,테슬라"
서울특별시,개포7차 우성 아파트,서울특별시 강남구 일원동 개포로110길 15,1 ,1 ,"SM3 Z.E,레이EV,소울EV,닛산리프,아이오닉EV,BMW i3,스파크EV,볼트EV,테슬라"
서울특별시,공무원연금공단 서울지부(상록회관),서울특별시 강남구 역삼동 701,1 ,0 ,"SM3 Z.E,테슬라"
서울특별시,금호어울림 아파트(삼성동),서울특별시 강남구 삼성동 봉은사로111길 25,0 ,1 ,"SM3 Z.E,레이EV,소울EV,닛산리프,아이오닉EV,BMW i3,스파크EV,볼트EV,테슬라"
서울특별시,대치2문화센터 공영주차장,서울특별시 강남구 대치동 980-9,1 ,0 ,"SM3 Z.E,테슬라"
서울특별시,대치현대 아파트,서울특별시 강남구 대치동 삼성로64길 5,1 ,1 ,"SM3 Z.E,레이EV,소울EV,닛산리프,아이오닉EV,BMW i3,스파크EV,볼트EV,테슬라"
서울특별시,도곡대림아크로빌,서울특별시 강남구 도곡동 언주로30길 13,1 ,0 ,"SM3 Z.E,레이EV,소울EV,닛산리프,아이오닉EV,BMW i3,스파크EV,볼트EV,테슬라"
서울특별시,도곡렉슬 아파트,서울특별시 강남구 도곡동 선릉로 221,2 ,2 ,"SM3 Z.E,레이EV,소울EV,닛산리프,아이오닉EV,BMW i3,스파크EV,볼트EV,테슬라"
서울특별시,도성 아파트,서울특별시 강남구 삼성로67길 14,0 ,2 ,"SM3 Z.E,레이EV,소울EV,닛산리프,아이오닉EV,BMW i3,스파크EV,볼트EV,테슬라"
서울특별시,라테라스삼성,서울특별시 강남구 삼성동 봉은사로 645,0 ,1 ,"SM3 Z.E,레이EV,소울EV,닛산리프,아이오닉EV,BMW i3,스파크EV,볼트EV,테슬라"
서울특별시,래미안강남힐즈,서울특별시 강남구 자곡동 자곡로 101,1 ,2 ,"SM3 Z.E,레이EV,소울EV,닛산리프,아이오닉EV,BMW i3,스파크EV,볼트EV,테슬라"
서울특별시,래미안그레이튼,서울특별시 강남구 역삼동 도곡로43길 20,1 ,1 ,"SM3 Z.E,레이EV,소울EV,닛산리프,아이오닉EV,BMW i3,스파크EV,볼트EV,테슬라"
서울특별시,래미안대치팰리스,서울특별시 강남구 대치동 삼성로51길 37,2 ,0 ,"SM3 Z.E,레이EV,소울EV,닛산리프,아이오닉EV,BMW i3,스파크EV,볼트EV,테슬라"
서울특별시,래미안대치하이스턴 아파트,서울특별시 강남구 대치동 도곡로93길 12,1 ,1 ,"SM3 Z.E,레이EV,소울EV,닛산리프,아이오닉EV,BMW i3,스파크EV,볼트EV,테슬라"
서울특별시,래미안삼성1차,서울특별시 강남구 삼성동 103-22,0 ,2 ,"레이EV,소울EV,닛산리프,아이오닉EV,BMW i3,스파크EV,볼트EV"
서울특별시,삼성동 에스케이뷰 아파트,서울특별시 강남구 삼성동 봉은사로109길 14-8,0 ,1 ,"SM3 Z.E,레이EV,소울EV,닛산리프,아이오닉EV,BMW i3,스파크EV,볼트EV,테슬라"
서울특별시,삼성동한일아파트,서울특별시 강남구 삼성동 48,0 ,1 ,"SM3 Z.E,레이EV,소울EV,닛산리프,아이오닉EV,BMW i3,스파크EV,볼트EV,테슬라"
서울특별시,삼성동현대아파트,서울특별시 강남구 삼성동 학동로64길 14,0 ,1 ,"SM3 Z.E,레이EV,소울EV,닛산리프,아이오닉EV,BMW i3,스파크EV,볼트EV,테슬라"
서울특별시,삼성동힐스테이트2단지,서울특별시 강남구 삼성로 111길 8,1 ,3 ,"SM3 Z.E,레이EV,소울EV,닛산리프,아이오닉EV,BMW i3,스파크EV,볼트EV,테슬라"
서울특별시,삼성우정에쉐르아파트,서울특별시 강남구 삼성동 3-8,0 ,2 ,"SM3 Z.E,레이EV,소울EV,닛산리프,아이오닉EV,BMW i3,스파크EV,볼트EV,테슬라"
서울특별시,삼성중앙하이츠빌리지,서울특별시 강남구 삼성동 학동로68길 30,0 ,1 ,"SM3 Z.E,레이EV,소울EV,닛산리프,아이오닉EV,BMW i3,스파크EV,볼트EV,테슬라"
서울특별시,삼성파크 아파트,서울특별시 강남구 삼성동 삼성로99길 14,0 ,2 ,"SM3 Z.E,레이EV,소울EV,닛산리프,아이오닉EV,BMW i3,스파크EV,볼트EV,테슬라"
서울특별시,샘터마을 아파트,서울특별시 강남구 일원동 일원로 120,1 ,0 ,"SM3 Z.E,레이EV,소울EV,닛산리프,아이오닉EV,BMW i3,스파크EV,볼트EV,테슬라"
서울특별시,세곡리엔파크1단지,서울특별시 강남구 세곡동 508,0 ,3 ,"SM3 Z.E,레이EV,소울EV,닛산리프,아이오닉EV,BMW i3,스파크EV,볼트EV,테슬라"
서울특별시,세곡리엔파크2단지 아파트,서울특별시 강남구 세곡동 헌릉로 590길10,1 ,0 ,"SM3 Z.E,레이EV,소울EV,닛산리프,아이오닉EV,BMW i3,스파크EV,볼트EV,테슬라"
서울특별시,세곡리엔파크3단지,서울특별시 강남구 세곡동 헌릉로590길 11,1 ,1 ,"SM3 Z.E,레이EV,소울EV,닛산리프,아이오닉EV,BMW i3,스파크EV,볼트EV,테슬라"
서울특별시,세곡푸르지오아파트,서울특별시 강남구 세곡동 533,1 ,1 ,"SM3 Z.E,레이EV,소울EV,닛산리프,아이오닉EV,BMW i3,스파크EV,볼트EV,테슬라"
서울특별시,아이파크삼성동,서울특별시 강남구 삼성동 영동대로 640,1 ,0 ,"SM3 Z.E,레이EV,소울EV,닛산리프,아이오닉EV,BMW i3,스파크EV,볼트EV,테슬라"
서울특별시,아크로힐스논현,서울특별시 강남구 논현동 276-1,1 ,2 ,"SM3 Z.E,레이EV,소울EV,닛산리프,아이오닉EV,BMW i3,스파크EV,볼트EV,테슬라"
서울특별시,압구정하이츠파크,서울특별시 강남구 신사동 압구정로42길 78,0 ,2 ,"SM3 Z.E,레이EV,소울EV,닛산리프,아이오닉EV,BMW i3,스파크EV,볼트EV,테슬라"
서울특별시,역삼2차아이파크아파트,서울특별시 강남구 역삼동 도곡로57길 12,0 ,3 ,"SM3 Z.E,레이EV,소울EV,닛산리프,아이오닉EV,BMW i3,스파크EV,볼트EV,테슬라"
서울특별시,역삼e-편한세상,서울특별시 강남구 역삼동 755-4,1 ,3 ,"SM3 Z.E,레이EV,소울EV,닛산리프,아이오닉EV,BMW i3,스파크EV,볼트EV,테슬라"
서울특별시,역삼래미안,서울특별시 강남구 역삼동 757,1 ,4 ,"SM3 Z.E,레이EV,소울EV,닛산리프,아이오닉EV,BMW i3,스파크EV,볼트EV,테슬라"
서울특별시,우정에쉐르 3차,서울특별시 강남구 대치동 950,0 ,1 ,"SM3 Z.E,레이EV,소울EV,닛산리프,아이오닉EV,BMW i3,스파크EV,볼트EV,테슬라"
서울특별시,청담래미안로이뷰,서울특별시 강남구 청담동 영동대로142길 16,0 ,1 ,"SM3 Z.E,레이EV,소울EV,닛산리프,아이오닉EV,BMW i3,스파크EV,볼트EV,테슬라"
서울특별시,청담자이 아파트,서울특별시 강남구 청담동 영동대로138길 12,1 ,3 ,"SM3 Z.E,레이EV,소울EV,닛산리프,아이오닉EV,BMW i3,스파크EV,볼트EV,테슬라"
서울특별시,청담파크파라곤,서울특별시 강남구 청담동 학동로97길 31,0 ,1 ,"SM3 Z.E,레이EV,소울EV,닛산리프,아이오닉EV,BMW i3,스파크EV,볼트EV,테슬라"
서울특별시,타워팰리스 2차,서울특별시 강남구 도곡동 언주로30길 57,1 ,1 ,"SM3 Z.E,레이EV,소울EV,닛산리프,아이오닉EV,BMW i3,스파크EV,볼트EV,테슬라"
서울특별시,타워팰리스1차,서울특별시 강남구 도곡동 언주로30길 56,1 ,4 ,"SM3 Z.E,레이EV,소울EV,닛산리프,아이오닉EV,BMW i3,스파크EV,볼트EV,테슬라"
서울특별시,타워팰리스G동,서울특별시 강남구 도곡동 언주로30길 26,1 ,2 ,"SM3 Z.E,레이EV,소울EV,닛산리프,아이오닉EV,BMW i3,스파크EV,볼트EV,테슬라"
서울특별시,헌릉로745길 노상주차장,서울특별시 강남구 율현동 101-13,1 ,0 ,"SM3 Z.E,레이EV,소울EV,닛산리프,아이오닉EV,BMW i3,스파크EV,볼트EV,테슬라"
서울특별시,현대까르띠에710아파트,서울특별시 강남구 역삼동 710,0 ,2 ,"SM3 Z.E,레이EV,소울EV,닛산리프,아이오닉EV,BMW i3,스파크EV,볼트EV,테슬라"
서울특별시,GS강동자이 아파트,서울특별시 강동구 천호대로 1239(길동),1 ,2 ,"SM3 Z.E,레이EV,소울EV,닛산리프,아이오닉EV,BMW i3,스파크EV,볼트EV,테슬라"
서울특별시,강동보건소,서울특별시 강동구 성내동 541-2,1 ,0 ,"SM3 Z.E,테슬라"
서울특별시,강동송파지사,서울특별시 강동구 둔촌동 522-9,1 ,3 ,"SM3 Z.E,레이EV,소울EV,닛산리프,아이오닉EV,BMW i3,스파크EV,볼트EV,테슬라"
서울특별시,강동아트센터(강동문화재단),서울특별시 강동구 상일동 477,2 ,0 ,"SM3 Z.E,테슬라"
서울특별시,강동헤르셔,서울특별시 강동구 천호동 천호대로 1089,1 ,2 ,"SM3 Z.E,레이EV,소울EV,닛산리프,아이오닉EV,BMW i3,스파크EV,볼트EV,테슬라"
서울특별시,강일리버파크 6단지,서울특별시 강동구 강일동 아리수로94길 19,1 ,0 ,"SM3 Z.E,레이EV,소울EV,닛산리프,아이오닉EV,BMW i3,스파크EV,볼트EV,테슬라"
서울특별시,강일리버파크10단지,서울특별시 강동구 강일동 고덕로97길 20,1 ,0 ,"SM3 Z.E,레이EV,소울EV,닛산리프,아이오닉EV,BMW i3,스파크EV,볼트EV,테슬라"
서울특별시,강일리버파크11단지,서울특별시 강동구 강일동 고덕로97길 100,0 ,1 ,"SM3 Z.E,레이EV,소울EV,닛산리프,아이오닉EV,BMW i3,스파크EV,볼트EV,테슬라"
서울특별시,강일리버파크3단지,서울특별시 강동구 강일동 아리수로93길 40,1 ,1 ,"SM3 Z.E,레이EV,소울EV,닛산리프,아이오닉EV,BMW i3,스파크EV,볼트EV,테슬라"
서울특별시,강일리버파크5단지,서울특별시 강동구 강일동 아리수로97길 20,1 ,3 ,"SM3 Z.E,레이EV,소울EV,닛산리프,아이오닉EV,BMW i3,스파크EV,볼트EV,테슬라"
서울특별시,강일리버파크7단지 아파트,서울특별시 강동구 아리수로98길 25,1 ,3 ,"SM3 Z.E,레이EV,소울EV,닛산리프,아이오닉EV,BMW i3,스파크EV,볼트EV,테슬라"
서울특별시,경보그레이스 힐,서울특별시 강동구 성내동 풍성로53길 40,0 ,2 ,"SM3 Z.E,레이EV,소울EV,닛산리프,아이오닉EV,BMW i3,스파크EV,볼트EV,테슬라"
서울특별시,고덕리엔파크1단지,서울특별시 강동구 상일로 152,0 ,2 ,"SM3 Z.E,레이EV,소울EV,닛산리프,아이오닉EV,BMW i3,스파크EV,볼트EV,테슬라"
서울특별시,고덕리엔파크3단지 아파트,서울특별시 강동구 상일로 74,2 ,6 ,"SM3 Z.E,레이EV,소울EV,닛산리프,아이오닉EV,BMW i3,스파크EV,볼트EV,테슬라"
서울특별시,고덕아이파크,서울특별시 강동구 고덕동 동남로79길 26,1 ,3 ,"SM3 Z.E,레이EV,소울EV,닛산리프,아이오닉EV,BMW i3,스파크EV,볼트EV,테슬라"
서울특별시,길동삼익파크,서울특별시 강동구 길동 명일로 293,1 ,2 ,"SM3 Z.E,레이EV,소울EV,닛산리프,아이오닉EV,BMW i3,스파크EV,볼트EV,테슬라"
서울특별시,대우한강베네시티 아파트,서울특별시 강동구 올림픽로 664,0 ,2 ,"SM3 Z.E,레이EV,소울EV,닛산리프,아이오닉EV,BMW i3,스파크EV,볼트EV,테슬라"
서울특별시,둔촌푸르지오아파트,서울특별시 강동구 둔촌동 명일로 172,1 ,3 ,"SM3 Z.E,레이EV,소울EV,닛산리프,아이오닉EV,BMW i3,스파크EV,볼트EV,테슬라"
서울특별시,명일동 공영주차장,서울특별시 강동구 구천면로 395(명일동),2 ,0 ,"SM3 Z.E,레이EV,소울EV,닛산리프,아이오닉EV,BMW i3,스파크EV,볼트EV,테슬라"
서울특별시,명일한양아파트,서울특별시 강동구 명일동 동남로71길 19,1 ,0 ,"SM3 Z.E,레이EV,소울EV,닛산리프,아이오닉EV,BMW i3,스파크EV,볼트EV,테슬라"
서울특별시,삼익가든아파트,서울특별시 강동구 명일동 260-1,0 ,2 ,"SM3 Z.E,레이EV,소울EV,닛산리프,아이오닉EV,BMW i3,스파크EV,볼트EV,테슬라"
서울특별시,성내1차이편한세상,서울특별시 강동구 성내동 598,0 ,2 ,"SM3 Z.E,레이EV,소울EV,닛산리프,아이오닉EV,BMW i3,스파크EV,볼트EV,테슬라"
서울특별시,성내동중앙하이츠,서울특별시 강동구 성내동 410-2,0 ,1 ,"SM3 Z.E,레이EV,소울EV,닛산리프,아이오닉EV,BMW i3,스파크EV,볼트EV,테슬라"
서울특별시,성내삼성 아파트,서울특별시 강동구 성내동 풍성로 128,1 ,4 ,"SM3 Z.E,레이EV,소울EV,닛산리프,아이오닉EV,BMW i3,스파크EV,볼트EV,테슬라"
서울특별시,신성둔촌미소지움아파트 입주자대표회의,서울특별시 강동구 둔촌동 명일로 102,1 ,2 ,"SM3 Z.E,레이EV,소울EV,닛산리프,아이오닉EV,BMW i3,스파크EV,볼트EV,테슬라"
서울특별시,암사라인 아파트,서울특별시 강동구 암사동 고덕로 53,0 ,1 ,"SM3 Z.E,레이EV,소울EV,닛산리프,아이오닉EV,BMW i3,스파크EV,볼트EV,테슬라"
서울특별시,암펠로스타워,서울특별시 강동구 둔촌동 명일로 110,0 ,1 ,"SM3 Z.E,레이EV,소울EV,닛산리프,아이오닉EV,BMW i3,스파크EV,볼트EV,테슬라"
서울특별시,천호1동 공영주차장,서울특별시 강동구 구천면로 42길 60(천호동),2 ,0 ,"SM3 Z.E,레이EV,소울EV,닛산리프,아이오닉EV,BMW i3,스파크EV,볼트EV,테슬라"
서울특별시,천호유수지,서울특별시 강동구 천호동 329,2 ,0 ,"SM3 Z.E,테슬라"
서울특별시,한강포스파크아파트,서울특별시 강동구 암사동 고덕로19길 30,0 ,1 ,"SM3 Z.E,레이EV,소울EV,닛산리프,아이오닉EV,BMW i3,스파크EV,볼트EV,테슬라"
서울특별시,한강현대 아파트,서울특별시 강동구 암사동 올림픽로104길 41,1 ,2 ,"SM3 Z.E,레이EV,소울EV,닛산리프,아이오닉EV,BMW i3,스파크EV,볼트EV,테슬라"
서울특별시,현대백화점 천호점,서울특별시 강동구 천호대로 1005,3 ,0 ,"SM3 Z.E,레이EV,소울EV,닛산리프,아이오닉EV,BMW i3,스파크EV,볼트EV,테슬라"
서울특별시,홈플러스 강동점,서울특별시 강동구 양재대로 1571,1 ,0 ,"SM3 Z.E,레이EV,소울EV,닛산리프,아이오닉EV,BMW i3,스파크EV,볼트EV,테슬라"
서울특별시,힐스테이트 강동리버뷰,서울특별시 강동구 암사동 675,0 ,5 ,"SM3 Z.E,레이EV,소울EV,닛산리프,아이오닉EV,BMW i3,스파크EV,볼트EV,테슬라"
서울특별시,강북문화예술회관,서울특별시 강북구 수유동 360-10,1 ,0 ,"SM3 Z.E,테슬라"
서울특별시,강북성북지사,서울특별시 강북구 미아동 190-1,0 ,7 ,"SM3 Z.E,레이EV,소울EV,닛산리프,아이오닉EV,BMW i3,스파크EV,볼트EV,테슬라"
서울특별시,강북성북지사(공용),서울특별시 강북구 미아동 190-1,6 ,2 ,"SM3 Z.E,레이EV,소울EV,닛산리프,아이오닉EV,BMW i3,스파크EV,볼트EV,테슬라"
서울특별시,래미안미아1차 아파트,서울특별시 강북구 미아동 797,1 ,1 ,"SM3 Z.E,레이EV,소울EV,닛산리프,아이오닉EV,BMW i3,스파크EV,볼트EV,테슬라"
서울특별시,미아동부센트레빌,서울특별시 강북구 미아동 474,1 ,2 ,"SM3 Z.E,레이EV,소울EV,닛산리프,아이오닉EV,BMW i3,스파크EV,볼트EV,테슬라"
서울특별시,미아한일유앤아이APT,서울특별시 강북구 미아동 1355,0 ,2 ,"SM3 Z.E,레이EV,소울EV,닛산리프,아이오닉EV,BMW i3,스파크EV,볼트EV,테슬라"
서울특별시,북서울꿈의숲,서울특별시 강북구 번동 90,2 ,0 ,"SM3 Z.E,테슬라"
서울특별시,해모로아파트,서울특별시 강북구 번동 139,1 ,0 ,"SM3 Z.E,레이EV,소울EV,닛산리프,아이오닉EV,BMW i3,스파크EV,볼트EV,테슬라"
서울특별시,효성네오인텔리안,서울특별시 강북구 번동 418-3,0 ,2 ,"SM3 Z.E,레이EV,소울EV,닛산리프,아이오닉EV,BMW i3,스파크EV,볼트EV,테슬라"
서울특별시,e편한세상염창,서울특별시 강서구 염창동 309,0 ,5 ,"SM3 Z.E,레이EV,소울EV,닛산리프,아이오닉EV,BMW i3,스파크EV,볼트EV,테슬라"
서울특별시,강서경찰서 민원인주차장,서울특별시 강서구 화곡동 980-27,1 ,0 ,"SM3 Z.E,테슬라"
서울특별시,강서한강자이아파트,서울특별시 강서구 가양동 양천로55길 55,1 ,1 ,"SM3 Z.E,레이EV,소울EV,닛산리프,아이오닉EV,BMW i3,스파크EV,볼트EV,테슬라"
서울특별시,마곡 이웰메디파크,서울특별시 강서구 마곡동 801-7,1 ,0 ,"SM3 Z.E,테슬라"
서울특별시,마곡13단지 힐스테이트마스터,서울특별시 강서구 마곡동 748,1 ,2 ,"SM3 Z.E,레이EV,소울EV,닛산리프,아이오닉EV,BMW i3,스파크EV,볼트EV,테슬라"
서울특별시,마곡수명산파크1단지,서울특별시 강서구 내발산동 742,1 ,2 ,"SM3 Z.E,레이EV,소울EV,닛산리프,아이오닉EV,BMW i3,스파크EV,볼트EV,테슬라"
서울특별시,마곡수명산파크3단지,서울특별시 강서구 내발산동 751,1 ,1 ,"SM3 Z.E,레이EV,소울EV,닛산리프,아이오닉EV,BMW i3,스파크EV,볼트EV,테슬라"
서울특별시,마곡수명산파크5단지,서울특별시 강서구 내발산동 749,1 ,2 ,"SM3 Z.E,레이EV,소울EV,닛산리프,아이오닉EV,BMW i3,스파크EV,볼트EV,테슬라"
서울특별시,마곡수명산파크6단지,서울특별시 강서구 내발산동 수명로2길 63,1 ,1 ,"SM3 Z.E,레이EV,소울EV,닛산리프,아이오닉EV,BMW i3,스파크EV,볼트EV,테슬라"
서울특별시,마곡수명산파크7단지,서울특별시 강서구 내발산동 수명로2가길 22,1 ,3 ,"SM3 Z.E,레이EV,소울EV,닛산리프,아이오닉EV,BMW i3,스파크EV,볼트EV,테슬라"
서울특별시,마곡수명산파크8단지,서울특별시 강서구 내발산동 745,0 ,1 ,"SM3 Z.E,레이EV,소울EV,닛산리프,아이오닉EV,BMW i3,스파크EV,볼트EV,테슬라"
서울특별시,마곡엠밸리11단지아파트,서울특별시 강서구 마곡동 공항대로 124,0 ,2 ,"SM3 Z.E,레이EV,소울EV,닛산리프,아이오닉EV,BMW i3,스파크EV,볼트EV,테슬라"
서울특별시,마곡엠밸리2단지,서울특별시 강서구 마곡동 마곡서1로 146,0 ,3 ,"SM3 Z.E,레이EV,소울EV,닛산리프,아이오닉EV,BMW i3,스파크EV,볼트EV,테슬라"
서울특별시,마곡엠밸리3단지,서울특별시 강서구 마곡동 736,1 ,2 ,"SM3 Z.E,레이EV,소울EV,닛산리프,아이오닉EV,BMW i3,스파크EV,볼트EV,테슬라"
서울특별시,마곡엠밸리6단지,서울특별시 강서구 마곡동 743,1 ,4 ,"SM3 Z.E,레이EV,소울EV,닛산리프,아이오닉EV,BMW i3,스파크EV,볼트EV,테슬라"
서울특별시,마곡엠밸리8단지,서울특별시 강서구 마곡동 마곡서1로 81,1 ,0 ,"SM3 Z.E,레이EV,소울EV,닛산리프,아이오닉EV,BMW i3,스파크EV,볼트EV,테슬라"
서울특별시,마곡힐스테이트,서울특별시 강서구 마곡동 725-1,1 ,3 ,"SM3 Z.E,레이EV,소울EV,닛산리프,아이오닉EV,BMW i3,스파크EV,볼트EV,테슬라"
서울특별시,미주진로아파트,서울특별시 강서구 등촌동 701,0 ,2 ,"SM3 Z.E,레이EV,소울EV,닛산리프,아이오닉EV,BMW i3,스파크EV,볼트EV,테슬라"
서울특별시,방화5단지 아파트,서울특별시 강서구 방화동 금낭화로 287-19,1 ,3 ,"SM3 Z.E,레이EV,소울EV,닛산리프,아이오닉EV,BMW i3,스파크EV,볼트EV,테슬라"
서울특별시,방화동부센트레빌,서울특별시 강서구 방화동 875,1 ,0 ,"SM3 Z.E,레이EV,소울EV,닛산리프,아이오닉EV,BMW i3,스파크EV,볼트EV,테슬라"
서울특별시,방화동성아파트,서울특별시 강서구 방화동 금낭화로23길 8,1 ,3 ,"SM3 Z.E,레이EV,소울EV,닛산리프,아이오닉EV,BMW i3,스파크EV,볼트EV,테슬라"
서울특별시,서울남부출입국 외국인사무소,서울특별시 강서구 마곡동 745,1 ,0 ,"SM3 Z.E,테슬라"
서울특별시,염창힐스테이트 아파트,서울특별시 강서구 염창동 306,0 ,1 ,"SM3 Z.E,레이EV,소울EV,닛산리프,아이오닉EV,BMW i3,스파크EV,볼트EV,테슬라"
서울특별시,한국공항공사 고객전용주차장,서울특별시 강서구 과해동 676,1 ,0 ,"SM3 Z.E,테슬라"
서울특별시,한국공항공사 서울,서울특별시 강서구 방화동 886,4 ,0 ,"SM3 Z.E,레이EV,소울EV,닛산리프,아이오닉EV,BMW i3,스파크EV,볼트EV,테슬라"
서울특별시,한사랑2차삼성 아파트,서울특별시 강서구 공항대로59길 64,1 ,2 ,"SM3 Z.E,레이EV,소울EV,닛산리프,아이오닉EV,BMW i3,스파크EV,볼트EV,테슬라"
서울특별시,화곡초록 아파트,서울특별시 강서구 화곡동 1139,1 ,0 ,"SM3 Z.E,레이EV,소울EV,닛산리프,아이오닉EV,BMW i3,스파크EV,볼트EV,테슬라"
서울특별시,관악구 종합체육센타,서울특별시 관악구 봉천동 225,1 ,0 ,"SM3 Z.E,테슬라"
서울특별시,관악구 평생학습관,서울특별시 관악구 신림동 1577-4,1 ,0 ,"SM3 Z.E,테슬라"
서울특별시,관악동부센트레빌 아파트,서울특별시 관악구 봉천동 은천로33길 5,1 ,1 ,"SM3 Z.E,레이EV,소울EV,닛산리프,아이오닉EV,BMW i3,스파크EV,볼트EV,테슬라"
서울특별시,관악동작 견인차량 보관소,서울특별시 관악구 신사로 7,1 ,0 ,"SM3 Z.E,레이EV,소울EV,닛산리프,아이오닉EV,BMW i3,스파크EV,볼트EV,테슬라"
서울특별시,관악벽산블루밍,서울특별시 관악구 봉천동 은천로 93,2 ,0 ,"SM3 Z.E,레이EV,소울EV,닛산리프,아이오닉EV,BMW i3,스파크EV,볼트EV,테슬라"
서울특별시,대우신림2차푸르지오,서울특별시 관악구 신림동 난곡로 66,1 ,0 ,"SM3 Z.E,레이EV,소울EV,닛산리프,아이오닉EV,BMW i3,스파크EV,볼트EV,테슬라"
서울특별시,보라매삼성 아파트,서울특별시 관악구 봉천동 보라매로 62,1 ,2 ,"SM3 Z.E,레이EV,소울EV,닛산리프,아이오닉EV,BMW i3,스파크EV,볼트EV,테슬라"
서울특별시,봉천건영6차아파트,서울특별시 관악구 봉천동 1701,0 ,1 ,"레이EV,소울EV,닛산리프,아이오닉EV,BMW i3,스파크EV,볼트EV"
서울특별시,서울대입구아이원,서울특별시 관악구 봉천동 청룡길 78,1 ,1 ,"SM3 Z.E,레이EV,소울EV,닛산리프,아이오닉EV,BMW i3,스파크EV,볼트EV,테슬라"
서울특별시,신동아 아파트,서울특별시 관악구 신림동 신림로 11길 151,0 ,1 ,"SM3 Z.E,레이EV,소울EV,닛산리프,아이오닉EV,BMW i3,스파크EV,볼트EV,테슬라"
서울특별시,신림 주공2단지,서울특별시 관악구 신림동 광신길 86,0 ,3 ,"SM3 Z.E,레이EV,소울EV,닛산리프,아이오닉EV,BMW i3,스파크EV,볼트EV,테슬라"
서울특별시,신림동부센트레빌,서울특별시 관악구 신림동 미성3길 16,0 ,2 ,"SM3 Z.E,레이EV,소울EV,닛산리프,아이오닉EV,BMW i3,스파크EV,볼트EV,테슬라"
서울특별시,신림서초 아파트,서울특별시 관악구 신림동 호암로16길 5,0 ,2 ,"SM3 Z.E,레이EV,소울EV,닛산리프,아이오닉EV,BMW i3,스파크EV,볼트EV,테슬라"
서울특별시,신림쌍용 아파트,서울특별시 관악구 신림동 미성길 122,1 ,2 ,"SM3 Z.E,레이EV,소울EV,닛산리프,아이오닉EV,BMW i3,스파크EV,볼트EV,테슬라"
서울특별시,은천2단지 아파트,서울특별시 관악구 봉천동 인헌12길 46-1,1 ,1 ,"SM3 Z.E,레이EV,소울EV,닛산리프,아이오닉EV,BMW i3,스파크EV,볼트EV,테슬라"
서울특별시,청광 아파트,서울특별시 관악구 신림로3가길 45-24,0 ,1 ,"SM3 Z.E,레이EV,소울EV,닛산리프,아이오닉EV,BMW i3,스파크EV,볼트EV,테슬라"
서울특별시,강변테크노마트 주차장,서울특별시 광진구 구의동 546-4,5 ,1 ,"SM3 Z.E,레이EV,소울EV,닛산리프,아이오닉EV,BMW i3,스파크EV,볼트EV,테슬라"
서울특별시,광장힐스테이트 아파트,서울특별시 광진구 광장동 아차산로 537-17,1 ,2 ,"SM3 Z.E,레이EV,소울EV,닛산리프,아이오닉EV,BMW i3,스파크EV,볼트EV,테슬라"
서울특별시,광진구청 주차장,서울특별시 광진구 자양로 117,1 ,0 ,"SM3 Z.E,레이EV,소울EV,닛산리프,아이오닉EV,BMW i3,스파크EV,볼트EV,테슬라"
서울특별시,광진하우스토리한강,서울특별시 광진구 자양동 구의강변로1길 44,0 ,1 ,"SM3 Z.E,레이EV,소울EV,닛산리프,아이오닉EV,BMW i3,스파크EV,볼트EV,테슬라"
서울특별시,구의삼성쉐르빌상가,서울특별시 광진구 구의동 199-18,3 ,0 ,"SM3 Z.E,테슬라"
서울특별시,구의삼성쉐르빌아파트,서울특별시 광진구 구의동 199-18,0 ,5 ,"SM3 Z.E,레이EV,소울EV,닛산리프,아이오닉EV,BMW i3,스파크EV,볼트EV,테슬라"
서울특별시,더샵스타시티 아파트,서울특별시 광진구 자양동 아차산로 262,1 ,4 ,"SM3 Z.E,레이EV,소울EV,닛산리프,아이오닉EV,BMW i3,스파크EV,볼트EV,테슬라"
서울특별시,뚝도충전소,서울특별시 광진구 자양3동 510-8,2 ,1 ,"SM3 Z.E,레이EV,소울EV,닛산리프,아이오닉EV,BMW i3,스파크EV,볼트EV,테슬라"
서울특별시,자양10차현대홈타운,서울특별시 광진구 자양동 뚝섬로34길 25-19,0 ,2 ,"SM3 Z.E,레이EV,소울EV,닛산리프,아이오닉EV,BMW i3,스파크EV,볼트EV,테슬라"
서울특별시,자양2동유수지 공영주차장,서울특별시 광진구 뚝섬로 52길 74,2 ,0 ,"SM3 Z.E,레이EV,소울EV,닛산리프,아이오닉EV,BMW i3,스파크EV,볼트EV,테슬라"
서울특별시,자양금강KCC 아파트,서울특별시 광진구 자양동 아차산로36길 13,0 ,2 ,"SM3 Z.E,레이EV,소울EV,닛산리프,아이오닉EV,BMW i3,스파크EV,볼트EV,테슬라"
서울특별시,장로회신학대학교,서울특별시 광진구 광장동 353,2 ,0 ,"SM3 Z.E,레이EV,소울EV,닛산리프,아이오닉EV,BMW i3,스파크EV,볼트EV,테슬라"
서울특별시,개봉대상아파트,서울특별시 구로구 개봉동 477,0 ,2 ,"SM3 Z.E,레이EV,소울EV,닛산리프,아이오닉EV,BMW i3,스파크EV,볼트EV,테슬라"
서울특별시,개봉영화 아파트,서울특별시 구로구 개봉동 475,1 ,1 ,"SM3 Z.E,레이EV,소울EV,닛산리프,아이오닉EV,BMW i3,스파크EV,볼트EV,테슬라"
서울특별시,경남1차 아파트,서울특별시 구로구 고척동 경인로47길 150,0 ,2 ,"SM3 Z.E,레이EV,소울EV,닛산리프,아이오닉EV,BMW i3,스파크EV,볼트EV,테슬라"
서울특별시,고척LIG리가 아파트,서울특별시 구로구 고척동 340,1 ,2 ,"SM3 Z.E,레이EV,소울EV,닛산리프,아이오닉EV,BMW i3,스파크EV,볼트EV,테슬라"
서울특별시,고척근린공원 지하주차장,서울특별시 구로구 고척로 45길 39,1 ,0 ,"SM3 Z.E,레이EV,소울EV,닛산리프,아이오닉EV,BMW i3,스파크EV,볼트EV,테슬라"
서울특별시,고척벽산블루밍 아파트,서울특별시 구로구 고척동 경인로 390,1 ,1 ,"SM3 Z.E,레이EV,소울EV,닛산리프,아이오닉EV,BMW i3,스파크EV,볼트EV,테슬라"
서울특별시,고척스카이돔,서울특별시 구로구 고척동 63-6,3 ,0 ,"SM3 Z.E,레이EV,소울EV,닛산리프,아이오닉EV,BMW i3,스파크EV,볼트EV,테슬라"
서울특별시,고척파크푸르지오,서울특별시 구로구 고척동 339,1 ,3 ,"SM3 Z.E,레이EV,소울EV,닛산리프,아이오닉EV,BMW i3,스파크EV,볼트EV,테슬라"
서울특별시,구로4동 주택가 공동,서울특별시 구로구 구로동 741-44,1 ,0 ,"SM3 Z.E,레이EV,소울EV,닛산리프,아이오닉EV,BMW i3,스파크EV,볼트EV,테슬라"
서울특별시,구로구청 주차장,서울특별시 구로구 구로동 435,1 ,0 ,"SM3 Z.E,레이EV,소울EV,닛산리프,아이오닉EV,BMW i3,스파크EV,볼트EV,테슬라"
서울특별시,구로리공원,서울특별시 구로구 구로동 139-82,1 ,0 ,"SM3 Z.E,테슬라"
서울특별시,구로삼성래미안,서울특별시 구로구 구로동 256-1,1 ,2 ,"SM3 Z.E,레이EV,소울EV,닛산리프,아이오닉EV,BMW i3,스파크EV,볼트EV,테슬라"
서울특별시,구로성호메이플라워,서울특별시 구로구 구로동 가마산로 283,0 ,2 ,"SM3 Z.E,레이EV,소울EV,닛산리프,아이오닉EV,BMW i3,스파크EV,볼트EV,테슬라"
서울특별시,구로아트밸리 지하1층,서울특별시 구로구 구로동 102,1 ,0 ,"SM3 Z.E,레이EV,소울EV,닛산리프,아이오닉EV,BMW i3,스파크EV,볼트EV,테슬라"
서울특별시,구로아트밸리 지하2층,서울특별시 구로구 구로동 102,1 ,0 ,"SM3 Z.E,테슬라"
서울특별시,구로중앙하이츠아파트,서울특별시 구로구 구로동 1269,0 ,2 ,"SM3 Z.E,레이EV,소울EV,닛산리프,아이오닉EV,BMW i3,스파크EV,볼트EV,테슬라"
서울특별시,근상프리즘아파트,서울특별시 구로구 구로동 1283,0 ,1 ,"SM3 Z.E,레이EV,소울EV,닛산리프,아이오닉EV,BMW i3,스파크EV,볼트EV,테슬라"
서울특별시,동아한신아파트,서울특별시 구로구 고척동 327,1 ,2 ,"SM3 Z.E,레이EV,소울EV,닛산리프,아이오닉EV,BMW i3,스파크EV,볼트EV,테슬라"
서울특별시,롯데 아파트,서울특별시 구로구 구로동 1263,1 ,1 ,"SM3 Z.E,레이EV,소울EV,닛산리프,아이오닉EV,BMW i3,스파크EV,볼트EV,테슬라"
서울특별시,신구로자이 아파트,서울특별시 구로구 구로동 501,0 ,2 ,"SM3 Z.E,레이EV,소울EV,닛산리프,아이오닉EV,BMW i3,스파크EV,볼트EV,테슬라"
서울특별시,신도림 쌍용플래티넘노블,서울특별시 구로구 구로동 46-7,0 ,2 ,"SM3 Z.E,레이EV,소울EV,닛산리프,아이오닉EV,BMW i3,스파크EV,볼트EV,테슬라"
서울특별시,신도림7차e-편한세상아파트,서울특별시 구로구 신도림동 신도림로 56-13,0 ,3 ,"레이EV,소울EV,닛산리프,아이오닉EV,BMW i3,스파크EV,볼트EV"
서울특별시,신도림동아1차 아파트,서울특별시 구로구 신도림로 87,1 ,3 ,"SM3 Z.E,레이EV,소울EV,닛산리프,아이오닉EV,BMW i3,스파크EV,볼트EV,테슬라"
서울특별시,오류푸르지오,서울특별시 구로구 오류동 346,1 ,1 ,"SM3 Z.E,레이EV,소울EV,닛산리프,아이오닉EV,BMW i3,스파크EV,볼트EV,테슬라"
서울특별시,천왕연지타운1단지,서울특별시 구로구 오류동 오류로 30,1 ,2 ,"SM3 Z.E,레이EV,소울EV,닛산리프,아이오닉EV,BMW i3,스파크EV,볼트EV,테슬라"
서울특별시,천왕이펜하우스2단지,서울특별시 구로구 천왕동 천왕로 92,1 ,3 ,"SM3 Z.E,레이EV,소울EV,닛산리프,아이오닉EV,BMW i3,스파크EV,볼트EV,테슬라"
서울특별시,천왕이펜하우스4단지 아파트,서울특별시 구로구 천왕동 천왕로 29,1 ,2 ,"SM3 Z.E,레이EV,소울EV,닛산리프,아이오닉EV,BMW i3,스파크EV,볼트EV,테슬라"
서울특별시,천왕이펜하우스5단지,서울특별시 구로구 천왕동 천왕로 10,1 ,3 ,"SM3 Z.E,레이EV,소울EV,닛산리프,아이오닉EV,BMW i3,스파크EV,볼트EV,테슬라"
서울특별시,하늘공원 공영주차장,서울특별시 구로구 가리봉동 1-11,1 ,0 ,"SM3 Z.E,테슬라"
서울특별시,항동하버라인3단지,서울특별시 구로구 항동 119-12,0 ,10 ,"SM3 Z.E,레이EV,소울EV,닛산리프,아이오닉EV,BMW i3,스파크EV,볼트EV,테슬라"
서울특별시,금나래체육문화센타,서울특별시 금천구 독산동 1148,1 ,0 ,"SM3 Z.E,테슬라"
서울특별시,금천구청 지상 주차장,서울특별시 금천구 시흥동 1020,1 ,0 ,"SM3 Z.E,레이EV,소울EV,닛산리프,아이오닉EV,BMW i3,스파크EV,볼트EV,테슬라"
서울특별시,남서울힐스테이트아파트,서울특별시 금천구 시흥동 시흥대로 165,2 ,2 ,"SM3 Z.E,레이EV,소울EV,닛산리프,아이오닉EV,BMW i3,스파크EV,볼트EV,테슬라"
서울특별시,메이퀸 웨딩홀,서울특별시 금천구 독산동 152-1,2 ,0 ,"SM3 Z.E,레이EV,소울EV,닛산리프,아이오닉EV,BMW i3,스파크EV,볼트EV,테슬라"
서울특별시,지식산업센터(대륭테크노타운2차),서울특별시 금천구 가산디지털1로 33-33,1 ,0 ,"SM3 Z.E,레이EV,소울EV,닛산리프,아이오닉EV,BMW i3,스파크EV,볼트EV,테슬라"
서울특별시,지식산업센터(동일테크노타운8차),서울특별시 금천구 범안로 17길 1,1 ,0 ,"SM3 Z.E,레이EV,소울EV,닛산리프,아이오닉EV,BMW i3,스파크EV,볼트EV,테슬라"
서울특별시,공릉2단지라이프 아파트,서울특별시 노원구 공릉동 섬밭로 156,1 ,0 ,"SM3 Z.E,레이EV,소울EV,닛산리프,아이오닉EV,BMW i3,스파크EV,볼트EV,테슬라"
서울특별시,공릉8단지청솔아파트,서울특별시 노원구 공릉동 91,0 ,2 ,"SM3 Z.E,레이EV,소울EV,닛산리프,아이오닉EV,BMW i3,스파크EV,볼트EV,테슬라"
서울특별시,공릉대동 아파트,서울특별시 노원구 공릉동 동일로175길 38,0 ,1 ,"SM3 Z.E,레이EV,소울EV,닛산리프,아이오닉EV,BMW i3,스파크EV,볼트EV,테슬라"
서울특별시,공릉대동2차,서울특별시 노원구 공릉동 동일로195길 39,0 ,2 ,"SM3 Z.E,레이EV,소울EV,닛산리프,아이오닉EV,BMW i3,스파크EV,볼트EV,테슬라"
서울특별시,공릉대아2차 아파트,서울특별시 노원구 공릉동 492-1,0 ,2 ,"SM3 Z.E,레이EV,소울EV,닛산리프,아이오닉EV,BMW i3,스파크EV,볼트EV,테슬라"
서울특별시,공릉동부 아파트,서울특별시 노원구 공릉동 공릉로 206,0 ,2 ,"SM3 Z.E,레이EV,소울EV,닛산리프,아이오닉EV,BMW i3,스파크EV,볼트EV,테슬라"
서울특별시,공릉동현대성우 아파트,서울특별시 노원구 공릉동 공릉로27길 110,0 ,2 ,"SM3 Z.E,레이EV,소울EV,닛산리프,아이오닉EV,BMW i3,스파크EV,볼트EV,테슬라"
서울특별시,공릉비선아파트,서울특별시 노원구 공릉동 화랑로51길 78,1 ,2 ,"SM3 Z.E,레이EV,소울EV,닛산리프,아이오닉EV,BMW i3,스파크EV,볼트EV,테슬라"
서울특별시,공릉풍림아파트,서울특별시 노원구 공릉동 섬밭로 139,1 ,2 ,"SM3 Z.E,레이EV,소울EV,닛산리프,아이오닉EV,BMW i3,스파크EV,볼트EV,테슬라"
서울특별시,노원구청,서울특별시 노원구 상계동 701-1,1 ,0 ,"SM3 Z.E,레이EV,소울EV,닛산리프,아이오닉EV,BMW i3,스파크EV,볼트EV,테슬라"
서울특별시,노원도봉지사,서울특별시 노원구 상계동 700,1 ,4 ,"SM3 Z.E,테슬라"
서울특별시,노원우성아파트,서울특별시 노원구 상계동 상계로7길 18,0 ,2 ,"SM3 Z.E,레이EV,소울EV,닛산리프,아이오닉EV,BMW i3,스파크EV,볼트EV,테슬라"
서울특별시,노원프레미어스엠코,서울특별시 노원구 공릉동 670-20,0 ,2 ,"SM3 Z.E,레이EV,소울EV,닛산리프,아이오닉EV,BMW i3,스파크EV,볼트EV,테슬라"
서울특별시,대주파크빌 아파트,서울특별시 노원구 공릉동 섬밭로 52,0 ,2 ,"SM3 Z.E,레이EV,소울EV,닛산리프,아이오닉EV,BMW i3,스파크EV,볼트EV,테슬라"
서울특별시,동신 아파트,서울특별시 노원구 공릉동 공릉로 213,1 ,1 ,"SM3 Z.E,레이EV,소울EV,닛산리프,아이오닉EV,BMW i3,스파크EV,볼트EV,테슬라"
서울특별시,동진신안 아파트,서울특별시 노원구 중계동 중계로 195,1 ,1 ,"SM3 Z.E,레이EV,소울EV,닛산리프,아이오닉EV,BMW i3,스파크EV,볼트EV,테슬라"
서울특별시,롯데우성 아파트,서울특별시 노원구 중계동 노원로22길 34,1 ,2 ,"SM3 Z.E,레이EV,소울EV,닛산리프,아이오닉EV,BMW i3,스파크EV,볼트EV,테슬라"
서울특별시,미주동방벽운 아파트,서울특별시 노원구 상계동 동일로250길 18,0 ,2 ,"SM3 Z.E,레이EV,소울EV,닛산리프,아이오닉EV,BMW i3,스파크EV,볼트EV,테슬라"
서울특별시,북서울시립미술관,서울특별시 노원구 중계동 508,4 ,0 ,"SM3 Z.E,테슬라"
서울특별시,삼육대학교,서울특별시 노원구 공릉동 26-21,2 ,0 ,"SM3 Z.E,레이EV,소울EV,닛산리프,아이오닉EV,BMW i3,스파크EV,볼트EV,테슬라"
서울특별시,상계동아불암아파트,서울특별시 노원구 상계동 덕릉로 780,1 ,2 ,"SM3 Z.E,레이EV,소울EV,닛산리프,아이오닉EV,BMW i3,스파크EV,볼트EV,테슬라"
서울특별시,상계동양 아파트,서울특별시 노원구 상계동 상계로5길 12,1 ,2 ,"SM3 Z.E,레이EV,소울EV,닛산리프,아이오닉EV,BMW i3,스파크EV,볼트EV,테슬라"
서울특별시,상계신동아 아파트,서울특별시 노원구 상계동 한글비석로52길 66,1 ,2 ,"SM3 Z.E,레이EV,소울EV,닛산리프,아이오닉EV,BMW i3,스파크EV,볼트EV,테슬라"
서울특별시,상계주공15단지,서울특별시 노원구 상계동 652,2 ,0 ,"SM3 Z.E,레이EV,소울EV,닛산리프,아이오닉EV,BMW i3,스파크EV,볼트EV,테슬라"
서울특별시,상계주공16단지아파트,서울특별시 노원구 상계동 624,1 ,1 ,"SM3 Z.E,레이EV,소울EV,닛산리프,아이오닉EV,BMW i3,스파크EV,볼트EV,테슬라"
서울특별시,서울과학기술대학교,서울특별시 노원구 공릉동 172,3 ,0 ,"SM3 Z.E,테슬라"
서울특별시,수락리버시티3단지,서울특별시 노원구 상계동 누원로 28,1 ,1 ,"SM3 Z.E,레이EV,소울EV,닛산리프,아이오닉EV,BMW i3,스파크EV,볼트EV,테슬라"
서울특별시,월계동세양청마루 아파트,서울특별시 노원구 월계동 석계로13길 35,0 ,2 ,"SM3 Z.E,레이EV,소울EV,닛산리프,아이오닉EV,BMW i3,스파크EV,볼트EV,테슬라"
서울특별시,월계우남 아파트,서울특별시 노원구 월계동 화랑로 355,0 ,2 ,"SM3 Z.E,레이EV,소울EV,닛산리프,아이오닉EV,BMW i3,스파크EV,볼트EV,테슬라"
서울특별시,월계청백1단지 아파트,서울특별시 노원구 월계동 초안산로 89,1 ,2 ,"SM3 Z.E,레이EV,소울EV,닛산리프,아이오닉EV,BMW i3,스파크EV,볼트EV,테슬라"
서울특별시,인재개발원,서울특별시 노원구 노원길 130,1 ,2 ,"SM3 Z.E,레이EV,소울EV,닛산리프,아이오닉EV,BMW i3,스파크EV,볼트EV,테슬라"
서울특별시,중계건영3차아파트,"서울특별시 노원구 노원로22길 71 (중계동, 건영3차아파트)",1 ,1 ,"SM3 Z.E,레이EV,소울EV,닛산리프,아이오닉EV,BMW i3,스파크EV,볼트EV,테슬라"
서울특별시,중계경남롯데상아 아파트,"서울특별시 노원구 섬밭로 265 (중계동, 경남,롯데,상아아파트)",2 ,0 ,"SM3 Z.E,레이EV,소울EV,닛산리프,아이오닉EV,BMW i3,스파크EV,볼트EV,테슬라"
서울특별시,중계삼성 아파트,서울특별시 노원구 중계동 중계로14나길 25,1 ,2 ,"SM3 Z.E,레이EV,소울EV,닛산리프,아이오닉EV,BMW i3,스파크EV,볼트EV,테슬라"
서울특별시,중계센트럴파크,"서울특별시 노원구 덕릉로70가길 21 (상계동, 중계센트럴파크)",1 ,0 ,"SM3 Z.E,레이EV,소울EV,닛산리프,아이오닉EV,BMW i3,스파크EV,볼트EV,테슬라"
서울특별시,중계우성3차아파트,서울특별시 노원구 중계동 덕릉로 613,0 ,2 ,"SM3 Z.E,레이EV,소울EV,닛산리프,아이오닉EV,BMW i3,스파크EV,볼트EV,테슬라"
서울특별시,중계주공4단지 아파트,서울특별시 노원구 중계동 덕릉로76길 29,1 ,3 ,"SM3 Z.E,레이EV,소울EV,닛산리프,아이오닉EV,BMW i3,스파크EV,볼트EV,테슬라"
서울특별시,중계현대2차 아파트,서울특별시 노원구 한글비석로 15길 51,0 ,1 ,"SM3 Z.E,레이EV,소울EV,닛산리프,아이오닉EV,BMW i3,스파크EV,볼트EV,테슬라"
서울특별시,학여울청구 아파트,서울특별시 노원구 하계동 동일로207길 186,1 ,4 ,"SM3 Z.E,레이EV,소울EV,닛산리프,아이오닉EV,BMW i3,스파크EV,볼트EV,테슬라"
서울특별시,한국원자력의학원,서울특별시 노원구 공릉동 215-4,1 ,0 ,"SM3 Z.E,테슬라"
서울특별시,현대그린 아파트,서울특별시 노원구 중계동 중계로8길 39,0 ,2 ,"SM3 Z.E,레이EV,소울EV,닛산리프,아이오닉EV,BMW i3,스파크EV,볼트EV,테슬라"
서울특별시,화랑타운,서울특별시 노원구 공릉동 화랑로51길 17,1 ,2 ,"SM3 Z.E,레이EV,소울EV,닛산리프,아이오닉EV,BMW i3,스파크EV,볼트EV,테슬라"
서울특별시,대상타운현대아파트,서울특별시 도봉구 방학동 720-1,1 ,2 ,"SM3 Z.E,레이EV,소울EV,닛산리프,아이오닉EV,BMW i3,스파크EV,볼트EV,테슬라"
서울특별시,도깨비시장 공영주차장,서울특별시 도봉구 방학동 632-1,1 ,0 ,"SM3 Z.E,테슬라"
서울특별시,도봉구민회관,"서울특별시 도봉구 도봉로 552 (창동, 도봉구민회관)",1 ,0 ,"SM3 Z.E,레이EV,소울EV,닛산리프,아이오닉EV,BMW i3,스파크EV,볼트EV,테슬라"
서울특별시,도봉구청,"서울특별시 도봉구 마들로 656 (방학동, 도봉구청)",1 ,0 ,"SM3 Z.E,레이EV,소울EV,닛산리프,아이오닉EV,BMW i3,스파크EV,볼트EV,테슬라"
서울특별시,도봉서원 아파트,서울특별시 도봉구 마들로 684-20,2 ,0 ,"SM3 Z.E,레이EV,소울EV,닛산리프,아이오닉EV,BMW i3,스파크EV,볼트EV,테슬라"
서울특별시,도봉현대성우 아파트,서울특별시 도봉구 마들로 735-8,1 ,1 ,"SM3 Z.E,레이EV,소울EV,닛산리프,아이오닉EV,BMW i3,스파크EV,볼트EV,테슬라"
서울특별시,동아에코빌 아파트,서울특별시 도봉구 도봉동 도봉로180길 6-23,1 ,2 ,"SM3 Z.E,레이EV,소울EV,닛산리프,아이오닉EV,BMW i3,스파크EV,볼트EV,테슬라"
서울특별시,동아청솔아파트,서울특별시 도봉구 창동 노해로69길 103,2 ,3 ,"SM3 Z.E,레이EV,소울EV,닛산리프,아이오닉EV,BMW i3,스파크EV,볼트EV,테슬라"
서울특별시,방학3동 주민센터,서울특별시 도봉구 방학동 498-16,1 ,0 ,"SM3 Z.E,테슬라"
서울특별시,방학4단지신동아,서울특별시 도봉구 방학동 방학로 200,1 ,2 ,"SM3 Z.E,레이EV,소울EV,닛산리프,아이오닉EV,BMW i3,스파크EV,볼트EV,테슬라"
서울특별시,방학5단지 신동아 아파트,서울특별시 도봉구 방학동 방학로12길 53,0 ,2 ,"SM3 Z.E,레이EV,소울EV,닛산리프,아이오닉EV,BMW i3,스파크EV,볼트EV,테슬라"
서울특별시,방학극동 아파트,서울특별시 도봉구 시루봉로 11길 25-8,1 ,0 ,"SM3 Z.E,레이EV,소울EV,닛산리프,아이오닉EV,BMW i3,스파크EV,볼트EV,테슬라"
서울특별시,방학금광포란재,서울특별시 도봉구 방학동 도봉로150바길 26,0 ,2 ,"SM3 Z.E,레이EV,소울EV,닛산리프,아이오닉EV,BMW i3,스파크EV,볼트EV,테슬라"
서울특별시,방학명품ESA2단지,서울특별시 도봉구 방학동 도봉로150길 43,0 ,2 ,"SM3 Z.E,레이EV,소울EV,닛산리프,아이오닉EV,BMW i3,스파크EV,볼트EV,테슬라"
서울특별시,방학우성1차 아파트,서울특별시 도봉구 방학동 해등로 286-5,1 ,3 ,"SM3 Z.E,레이EV,소울EV,닛산리프,아이오닉EV,BMW i3,스파크EV,볼트EV,테슬라"
서울특별시,북한산코오롱하늘채 아파트,서울특별시 도봉구 우이천로 367,1 ,2 ,"SM3 Z.E,레이EV,소울EV,닛산리프,아이오닉EV,BMW i3,스파크EV,볼트EV,테슬라"
서울특별시,서울가든 아파트,서울특별시 도봉구 도봉동 도봉산길 35,1 ,2 ,"SM3 Z.E,레이EV,소울EV,닛산리프,아이오닉EV,BMW i3,스파크EV,볼트EV,테슬라"
서울특별시,쌍문미라보아파트,"서울특별시 도봉구 시루봉로2길 62 (쌍문동, 쌍문미라보아파트)",0 ,1 ,"SM3 Z.E,레이EV,소울EV,닛산리프,아이오닉EV,BMW i3,스파크EV,볼트EV,테슬라"
서울특별시,쌍문염광 아파트,서울특별시 도봉구 쌍문동 우이천로30길 28,0 ,2 ,"SM3 Z.E,레이EV,소울EV,닛산리프,아이오닉EV,BMW i3,스파크EV,볼트EV,테슬라"
서울특별시,쌍문한양6차 아파트,서울특별시 도봉구 시루봉로 58,1 ,3 ,"SM3 Z.E,레이EV,소울EV,닛산리프,아이오닉EV,BMW i3,스파크EV,볼트EV,테슬라"
서울특별시,쌍문현대2차 아파트,서울특별시 도봉구 시루봉로 6길53,0 ,1 ,"SM3 Z.E,레이EV,소울EV,닛산리프,아이오닉EV,BMW i3,스파크EV,볼트EV,테슬라"
서울특별시,창3동 주민센터,서울특별시 도봉구 창동 462-2,1 ,0 ,"SM3 Z.E,테슬라"
서울특별시,창동2차현대아파트,서울특별시 도봉구 창동 도봉로136길 111,1 ,2 ,"SM3 Z.E,레이EV,소울EV,닛산리프,아이오닉EV,BMW i3,스파크EV,볼트EV,테슬라"
서울특별시,창동3차현대아파트,서울특별시 도봉구 창동 도봉로 428,0 ,2 ,"SM3 Z.E,레이EV,소울EV,닛산리프,아이오닉EV,BMW i3,스파크EV,볼트EV,테슬라"
서울특별시,창동대동 아파트,서울특별시 도봉구 창동 도봉로 642-30,0 ,2 ,"SM3 Z.E,레이EV,소울EV,닛산리프,아이오닉EV,BMW i3,스파크EV,볼트EV,테슬라"
서울특별시,창동대우아파트,"서울특별시 도봉구 덕릉로63가길 43 (창동, 창동대우아파트)",1 ,0 ,"SM3 Z.E,레이EV,소울EV,닛산리프,아이오닉EV,BMW i3,스파크EV,볼트EV,테슬라"
서울특별시,창동수산트리플 아파트,서울특별시 도봉구 창동 우이천로20길 6,0 ,2 ,"SM3 Z.E,레이EV,소울EV,닛산리프,아이오닉EV,BMW i3,스파크EV,볼트EV,테슬라"
서울특별시,창동쌍용 아파트,서울특별시 도봉구 창동 마들로 551,1 ,0 ,"SM3 Z.E,레이EV,소울EV,닛산리프,아이오닉EV,BMW i3,스파크EV,볼트EV,테슬라"
서울특별시,창동주공18단지아파트,"서울특별시 도봉구 노해로70길 126 (창동, 주공18단지아파트)",1 ,0 ,"SM3 Z.E,레이EV,소울EV,닛산리프,아이오닉EV,BMW i3,스파크EV,볼트EV,테슬라"
서울특별시,창동주공19단지,서울특별시 도봉구 창동 노해로 403,2 ,2 ,"SM3 Z.E,레이EV,소울EV,닛산리프,아이오닉EV,BMW i3,스파크EV,볼트EV,테슬라"
서울특별시,창동한승미메이드 아파트,서울특별시 도봉구 덕릉로 60길 164-13,1 ,1 ,"SM3 Z.E,레이EV,소울EV,닛산리프,아이오닉EV,BMW i3,스파크EV,볼트EV,테슬라"
서울특별시,창동한신 아파트,서울특별시 도봉구 창동 덕릉로60바길 21,0 ,1 ,"SM3 Z.E,레이EV,소울EV,닛산리프,아이오닉EV,BMW i3,스파크EV,볼트EV,테슬라"
서울특별시,한일병원,서울특별시 도봉구 쌍문동 388-1,1 ,0 ,"SM3 Z.E,레이EV,소울EV,닛산리프,아이오닉EV,BMW i3,스파크EV,볼트EV,테슬라"
서울특별시,홈플러스 방학점,서울특별시 도봉구 도봉로 678,1 ,0 ,"SM3 Z.E,레이EV,소울EV,닛산리프,아이오닉EV,BMW i3,스파크EV,볼트EV,테슬라"
서울특별시,효성하이타운,서울특별시 도봉구 방학동 방학로11길 33,0 ,2 ,"SM3 Z.E,레이EV,소울EV,닛산리프,아이오닉EV,BMW i3,스파크EV,볼트EV,테슬라"
서울특별시,답십리래미안위브1블럭,서울특별시 동대문구 답십리로 130,1 ,2 ,"SM3 Z.E,레이EV,소울EV,닛산리프,아이오닉EV,BMW i3,스파크EV,볼트EV,테슬라"
서울특별시,답십리래미안위브2블럭,서울특별시 동대문구 답십리로 130,1 ,2 ,"SM3 Z.E,레이EV,소울EV,닛산리프,아이오닉EV,BMW i3,스파크EV,볼트EV,테슬라"
서울특별시,동일스위트리버,서울특별시 동대문구 휘경동 366,1 ,0 ,"SM3 Z.E,레이EV,소울EV,닛산리프,아이오닉EV,BMW i3,스파크EV,볼트EV,테슬라"
서울특별시,래미안엘파인 아파트,서울특별시 동대문구 답십리동 한천로37길 33,1 ,2 ,"SM3 Z.E,레이EV,소울EV,닛산리프,아이오닉EV,BMW i3,스파크EV,볼트EV,테슬라"
서울특별시,배봉공영주차장,서울특별시 동대문구 휘경동 286-66,2 ,0 ,"SM3 Z.E,레이EV,소울EV,닛산리프,아이오닉EV,BMW i3,스파크EV,볼트EV,테슬라"
서울특별시,브라운스톤휘경,서울특별시 동대문구 휘경동 망우로20길 86,1 ,0 ,"SM3 Z.E,레이EV,소울EV,닛산리프,아이오닉EV,BMW i3,스파크EV,볼트EV,테슬라"
서울특별시,이문쌍용아파트,서울특별시 동대문구 이문동 한천로58길 47,1 ,2 ,"SM3 Z.E,레이EV,소울EV,닛산리프,아이오닉EV,BMW i3,스파크EV,볼트EV,테슬라"
서울특별시,장안힐스테이트 아파트,서울특별시 동대문구 장안동 장안벚꽃로1길 7,1 ,2 ,"SM3 Z.E,레이EV,소울EV,닛산리프,아이오닉EV,BMW i3,스파크EV,볼트EV,테슬라"
서울특별시,전농sk 아파트,서울특별시 동대문구 전농동 10,2 ,0 ,"SM3 Z.E,레이EV,소울EV,닛산리프,아이오닉EV,BMW i3,스파크EV,볼트EV,테슬라"
서울특별시,청량리역사(한화역사),"서울특별시 동대문구 왕산로 214 (전농동, 청량리역,롯데백화점)",2 ,0 ,"SM3 Z.E,테슬라"
서울특별시,청솔우성,서울특별시 동대문구 답십리동 80,1 ,1 ,"SM3 Z.E,레이EV,소울EV,닛산리프,아이오닉EV,BMW i3,스파크EV,볼트EV,테슬라"
서울특별시,회기동 공영주차장,서울특별시 null null null null null null null null null null null null null null null null null null null null null null null null null null null null null null null null null null null null null null null null null null null null null null null null null,2 ,0 ,"SM3 Z.E,레이EV,소울EV,닛산리프,아이오닉EV,BMW i3,스파크EV,볼트EV,테슬라"
서울특별시,휘경베스트빌현대,서울특별시 동대문구 휘경동 52,1 ,1 ,"SM3 Z.E,레이EV,소울EV,닛산리프,아이오닉EV,BMW i3,스파크EV,볼트EV,테슬라"
서울특별시,휘경주공1단지,서울특별시 동대문구 휘경동 57,1 ,4 ,"SM3 Z.E,레이EV,소울EV,닛산리프,아이오닉EV,BMW i3,스파크EV,볼트EV,테슬라"
서울특별시,힐스테이트청계,서울특별시 동대문구 답십리동 465-18,1 ,0 ,"SM3 Z.E,레이EV,소울EV,닛산리프,아이오닉EV,BMW i3,스파크EV,볼트EV,테슬라"
서울특별시,관악동작지사,서울특별시 동작구 동작대로 19,1 ,5 ,"SM3 Z.E,레이EV,소울EV,닛산리프,아이오닉EV,BMW i3,스파크EV,볼트EV,테슬라"
서울특별시,대방성원 아파트,서울특별시 동작구 대방동 여의대방로44길 9,1 ,2 ,"SM3 Z.E,레이EV,소울EV,닛산리프,아이오닉EV,BMW i3,스파크EV,볼트EV,테슬라"
서울특별시,대방중간집하장 공영주차장,서울특별시 동작구 대방동 67-1,1 ,0 ,"SM3 Z.E,테슬라"
서울특별시,대우유로카운티,서울특별시 동작구 상도동 양녕로 287,0 ,1 ,"SM3 Z.E,레이EV,소울EV,닛산리프,아이오닉EV,BMW i3,스파크EV,볼트EV,테슬라"
서울특별시,동작상떼빌 아파트,서울특별시 동작구 신대방동 신대방1가길 38,1 ,3 ,"SM3 Z.E,레이EV,소울EV,닛산리프,아이오닉EV,BMW i3,스파크EV,볼트EV,테슬라"
서울특별시,래미안상도3차아파트,서울특별시 동작구 대방동 상도로 53길 8,1 ,1 ,"SM3 Z.E,레이EV,소울EV,닛산리프,아이오닉EV,BMW i3,스파크EV,볼트EV,테슬라"
서울특별시,보라매아카데미타워 아파트,서울특별시 동작구 신대방동 보라매로5가길 16,0 ,2 ,"SM3 Z.E,레이EV,소울EV,닛산리프,아이오닉EV,BMW i3,스파크EV,볼트EV,테슬라"
서울특별시,빙수골 장미주차장,서울특별시 동작구 상도동 301-132,1 ,0 ,"SM3 Z.E,테슬라"
서울특별시,사당롯데캐슬샤인,서울특별시 동작구 사당동 사당로27길 190,1 ,1 ,"SM3 Z.E,레이EV,소울EV,닛산리프,아이오닉EV,BMW i3,스파크EV,볼트EV,테슬라"
서울특별시,상도대림 아파트,서울특별시 동작구 상도동 상도로60길 20,0 ,1 ,"SM3 Z.E,레이EV,소울EV,닛산리프,아이오닉EV,BMW i3,스파크EV,볼트EV,테슬라"
서울특별시,상도래미안1차 아파트,서울특별시 동작구 상도동 등용로 37,1 ,1 ,"SM3 Z.E,레이EV,소울EV,닛산리프,아이오닉EV,BMW i3,스파크EV,볼트EV,테슬라"
서울특별시,상도파크자이,서울특별시 동작구 상도동 장승배기로 11,1 ,1 ,"SM3 Z.E,레이EV,소울EV,닛산리프,아이오닉EV,BMW i3,스파크EV,볼트EV,테슬라"
서울특별시,서울시여성가족재단,서울특별시 동작구 대방동 345-1,1 ,0 ,"SM3 Z.E,레이EV,소울EV,닛산리프,아이오닉EV,BMW i3,스파크EV,볼트EV,테슬라"
서울특별시,숲속마을신동아파밀리에,서울특별시 동작구 신대방동 여의대방로10길 100,0 ,2 ,"SM3 Z.E,레이EV,소울EV,닛산리프,아이오닉EV,BMW i3,스파크EV,볼트EV,테슬라"
서울특별시,신대방현대 아파트,서울특별시 동작구 신대방동 여의대방로 28,1 ,1 ,"SM3 Z.E,레이EV,소울EV,닛산리프,아이오닉EV,BMW i3,스파크EV,볼트EV,테슬라"
서울특별시,이수힐스테이트,서울특별시 동작구 동작동 동작대로39길 22,1 ,1 ,"SM3 Z.E,레이EV,소울EV,닛산리프,아이오닉EV,BMW i3,스파크EV,볼트EV,테슬라"
서울특별시,흑석한강센트레빌,서울특별시 동작구 흑석동 흑석한강로 2,1 ,3 ,"SM3 Z.E,레이EV,소울EV,닛산리프,아이오닉EV,BMW i3,스파크EV,볼트EV,테슬라"
서울특별시,힐스테이트상도프레스티지,서울특별시 동작구 상도동 상도로 346-2,1 ,1 ,"SM3 Z.E,레이EV,소울EV,닛산리프,아이오닉EV,BMW i3,스파크EV,볼트EV,테슬라"
서울특별시,e편한세상마포리버파크,서울특별시 마포구 용강동 토정로31길 24,1 ,3 ,"SM3 Z.E,레이EV,소울EV,닛산리프,아이오닉EV,BMW i3,스파크EV,볼트EV,테슬라"
서울특별시,공덕아이파크아파트,"서울특별시 마포구 만리재로 36 (신공덕동, 공덕 아이파크)",0 ,2 ,"SM3 Z.E,레이EV,소울EV,닛산리프,아이오닉EV,BMW i3,스파크EV,볼트EV,테슬라"
서울특별시,공덕파크자이1단지,서울특별시 마포구 공덕동 백범로 152,0 ,2 ,"SM3 Z.E,레이EV,소울EV,닛산리프,아이오닉EV,BMW i3,스파크EV,볼트EV,테슬라"
서울특별시,공덕파크자이2단지,서울특별시 마포구 공덕동 백범로 152,0 ,1 ,"SM3 Z.E,레이EV,소울EV,닛산리프,아이오닉EV,BMW i3,스파크EV,볼트EV,테슬라"
서울특별시,대명 아파트,서울특별시 마포구 연남동 동교로39길 11,0 ,1 ,"SM3 Z.E,레이EV,소울EV,닛산리프,아이오닉EV,BMW i3,스파크EV,볼트EV,테슬라"
서울특별시,래미안마포리버웰,서울특별시 마포구 용강동 토정로31길 23,1 ,3 ,"SM3 Z.E,레이EV,소울EV,닛산리프,아이오닉EV,BMW i3,스파크EV,볼트EV,테슬라"
서울특별시,래미안밤섬리베뉴1 아파트,서울특별시 마포구 상수동 독막로20나길 22,1 ,2 ,"SM3 Z.E,레이EV,소울EV,닛산리프,아이오닉EV,BMW i3,스파크EV,볼트EV,테슬라"
서울특별시,래미안밤섬리베뉴2,서울특별시 마포구 상수동 독막로20나길 21,1 ,3 ,"SM3 Z.E,레이EV,소울EV,닛산리프,아이오닉EV,BMW i3,스파크EV,볼트EV,테슬라"
서울특별시,롯데캐슬프레지던트,서울특별시 마포구 공덕동 마포대로 109,0 ,1 ,"SM3 Z.E,레이EV,소울EV,닛산리프,아이오닉EV,BMW i3,스파크EV,볼트EV,테슬라"
서울특별시,마포대림1차 아파트,서울특별시 마포구 용강동 마포대로1길 21,0 ,2 ,"SM3 Z.E,레이EV,소울EV,닛산리프,아이오닉EV,BMW i3,스파크EV,볼트EV,테슬라"
서울특별시,마포도화우성아파트,서울특별시 마포구 도화동 삼개로 38,1 ,1 ,"SM3 Z.E,레이EV,소울EV,닛산리프,아이오닉EV,BMW i3,스파크EV,볼트EV,테슬라"
서울특별시,마포래미안푸르지오 1단지,서울특별시 마포구 아현동 마포대로 195,1 ,3 ,"SM3 Z.E,레이EV,소울EV,닛산리프,아이오닉EV,BMW i3,스파크EV,볼트EV,테슬라"
서울특별시,마포래미안푸르지오 2단지,서울특별시 마포구 아현동 마포대로 195,1 ,4 ,"SM3 Z.E,레이EV,소울EV,닛산리프,아이오닉EV,BMW i3,스파크EV,볼트EV,테슬라"
서울특별시,마포래미안푸르지오 3단지,서울특별시 마포구 아현동 마포대로 195,1 ,3 ,"SM3 Z.E,레이EV,소울EV,닛산리프,아이오닉EV,BMW i3,스파크EV,볼트EV,테슬라"
서울특별시,마포래미안푸르지오 4단지,서울특별시 마포구 아현동 마포대로 195,1 ,4 ,"SM3 Z.E,레이EV,소울EV,닛산리프,아이오닉EV,BMW i3,스파크EV,볼트EV,테슬라"
서울특별시,마포용산지사,서울특별시 마포구 토정로37길 38,2 ,5 ,"SM3 Z.E,레이EV,소울EV,닛산리프,아이오닉EV,BMW i3,스파크EV,볼트EV,테슬라"
서울특별시,마포자이2차아파트,서울특별시 마포구 대흥동 804,1 ,0 ,"SM3 Z.E,레이EV,소울EV,닛산리프,아이오닉EV,BMW i3,스파크EV,볼트EV,테슬라"
서울특별시,마포중앙도서관,서울특별시 마포구 성산동 275-3,2 ,0 ,"SM3 Z.E,레이EV,소울EV,닛산리프,아이오닉EV,BMW i3,스파크EV,볼트EV,테슬라"
서울특별시,마포트라팰리스2차,서울특별시 마포구 아현동 738,0 ,2 ,"SM3 Z.E,레이EV,소울EV,닛산리프,아이오닉EV,BMW i3,스파크EV,볼트EV,테슬라"
서울특별시,마포한강2차 푸르지오아파트,서울특별시 마포구 합정동 473,0 ,5 ,"SM3 Z.E,레이EV,소울EV,닛산리프,아이오닉EV,BMW i3,스파크EV,볼트EV,테슬라"
서울특별시,마포한강푸르지오1차,"서울특별시 마포구 월드컵로1길 14 (합정동, 마포 한강 푸르지오)",0 ,3 ,"레이EV,소울EV,닛산리프,아이오닉EV,BMW i3,스파크EV,볼트EV"
서울특별시,메세나폴리스 아파트,서울특별시 마포구 양화로 45,1 ,3 ,"SM3 Z.E,레이EV,소울EV,닛산리프,아이오닉EV,BMW i3,스파크EV,볼트EV,테슬라"
서울특별시,브라운스톤공덕 아파트,서울특별시 마포구 신공덕동 백범로 230,0 ,2 ,"SM3 Z.E,레이EV,소울EV,닛산리프,아이오닉EV,BMW i3,스파크EV,볼트EV,테슬라"
서울특별시,상암월드컵경기장,서울특별시 마포구 성산동 531,7 ,3 ,"SM3 Z.E,레이EV,소울EV,닛산리프,아이오닉EV,BMW i3,스파크EV,볼트EV,테슬라"
서울특별시,상암월드컵파크3단지,서울특별시 마포구 상암동 월드컵로 338,1 ,2 ,"SM3 Z.E,레이EV,소울EV,닛산리프,아이오닉EV,BMW i3,스파크EV,볼트EV,테슬라"
서울특별시,서울서부지방검찰청,서울특별시 마포구 공덕동 105-1,1 ,0 ,"SM3 Z.E,테슬라"
서울특별시,서울신용보증재단,서울특별시 마포구 공덕동 168,1 ,0 ,"SM3 Z.E,테슬라"
서울특별시,성지(주상복합) 아파트,서울특별시 마포구 도화동 큰우물로 75,0 ,2 ,"SM3 Z.E,레이EV,소울EV,닛산리프,아이오닉EV,BMW i3,스파크EV,볼트EV,테슬라"
서울특별시,신공덕3삼성래미안,서울특별시 마포구 신공덕동 만리재로 60,0 ,2 ,"SM3 Z.E,레이EV,소울EV,닛산리프,아이오닉EV,BMW i3,스파크EV,볼트EV,테슬라"
서울특별시,신촌포스빌,서울특별시 마포구 노고산동 1-3,1 ,1 ,"SM3 Z.E,레이EV,소울EV,닛산리프,아이오닉EV,BMW i3,스파크EV,볼트EV,테슬라"
서울특별시,쌍용황금,서울특별시 마포구 마포동 마포대로 6,1 ,0 ,"SM3 Z.E,레이EV,소울EV,닛산리프,아이오닉EV,BMW i3,스파크EV,볼트EV,테슬라"
서울특별시,중부전력지사,서울특별시 마포구 합정동 55-1,0 ,2 ,"SM3 Z.E,레이EV,소울EV,닛산리프,아이오닉EV,BMW i3,스파크EV,볼트EV,테슬라"
서울특별시,창전삼성 아파트,서울특별시 마포구 창전동 서강로 95,1 ,0 ,"SM3 Z.E,레이EV,소울EV,닛산리프,아이오닉EV,BMW i3,스파크EV,볼트EV,테슬라"
서울특별시,한강삼성 아파트,서울특별시 마포구 토정동 토정로32길 11,1 ,1 ,"SM3 Z.E,레이EV,소울EV,닛산리프,아이오닉EV,BMW i3,스파크EV,볼트EV,테슬라"
서울특별시,DMC래미안e편한세상,서울특별시 서대문구 북가좌동 481,1 ,4 ,"SM3 Z.E,레이EV,소울EV,닛산리프,아이오닉EV,BMW i3,스파크EV,볼트EV,테슬라"
서울특별시,DMC센트럴아이파크아파트,서울특별시 서대문구 남가좌동 388,0 ,6 ,"SM3 Z.E,레이EV,소울EV,닛산리프,아이오닉EV,BMW i3,스파크EV,볼트EV,테슬라"
서울특별시,DMC아이파크 아파트,서울특별시 서대문구 북가좌동 거북골로14길 32,1 ,0 ,"SM3 Z.E,레이EV,소울EV,닛산리프,아이오닉EV,BMW i3,스파크EV,볼트EV,테슬라"
서울특별시,남가좌삼성 아파트,서울특별시 서대문구 남가좌동 377,1 ,1 ,"SM3 Z.E,레이EV,소울EV,닛산리프,아이오닉EV,BMW i3,스파크EV,볼트EV,테슬라"
서울특별시,돈의문센트레빌 아파트,서울특별시 서대문구 냉천동 261,1 ,1 ,"SM3 Z.E,레이EV,소울EV,닛산리프,아이오닉EV,BMW i3,스파크EV,볼트EV,테슬라"
서울특별시,무악청구2차 아파트,서울특별시 서대문구 홍제동 통일로 344,0 ,1 ,"SM3 Z.E,레이EV,소울EV,닛산리프,아이오닉EV,BMW i3,스파크EV,볼트EV,테슬라"
서울특별시,서부수도사업소,서울특별시 서대문구 홍제동 38-69,3 ,0 ,"SM3 Z.E,테슬라"
서울특별시,연세대학교,서울특별시 서대문구 신촌동 134,3 ,0 ,"SM3 Z.E,테슬라"
서울특별시,연세세브란스 에비슨의생명 연구센터,서울특별시 서대문구 신촌동 134,2 ,0 ,"SM3 Z.E,테슬라"
서울특별시,연희대우 아파트,서울특별시 서대문구 연희동 739,0 ,3 ,"SM3 Z.E,레이EV,소울EV,닛산리프,아이오닉EV,BMW i3,스파크EV,볼트EV,테슬라"
서울특별시,연희동성원아파트,"서울특별시 서대문구 연희로32길 48 (연희동, 연희동성원아파트)",1 ,0 ,"SM3 Z.E,레이EV,소울EV,닛산리프,아이오닉EV,BMW i3,스파크EV,볼트EV,테슬라"
서울특별시,인왕산한신휴플러스,서울특별시 서대문구 홍제동 통일로 397,0 ,2 ,"SM3 Z.E,레이EV,소울EV,닛산리프,아이오닉EV,BMW i3,스파크EV,볼트EV,테슬라"
서울특별시,홍은1동 제4공영주차장,서울특별시 서대문구 홍은중앙로 125,1 ,0 ,"SM3 Z.E,레이EV,소울EV,닛산리프,아이오닉EV,BMW i3,스파크EV,볼트EV,테슬라"
서울특별시,LH서초4단지 아파트,서울특별시 서초구 우면동 788,0 ,2 ,"SM3 Z.E,레이EV,소울EV,닛산리프,아이오닉EV,BMW i3,스파크EV,볼트EV,테슬라"
서울특별시,LH서초5단지,서울특별시 서초구 우면동 368-1,1 ,2 ,"SM3 Z.E,레이EV,소울EV,닛산리프,아이오닉EV,BMW i3,스파크EV,볼트EV,테슬라"
서울특별시,강남전력지사,서울특별시 서초구 서초동 1355,0 ,1 ,"SM3 Z.E,레이EV,소울EV,닛산리프,아이오닉EV,BMW i3,스파크EV,볼트EV,테슬라"
서울특별시,구룡공원 공영주차장,서울특별시 서초구 양재동 399,1 ,0 ,"SM3 Z.E,테슬라"
서울특별시,국립 중앙도서관,서울특별시 서초구 반포동 산 94-1,2 ,0 ,"SM3 Z.E,테슬라"
서울특별시,남서울농협 하나로마트 우면점,서울특별시 서초구 우면동 763,1 ,0 ,"SM3 Z.E,레이EV,소울EV,닛산리프,아이오닉EV,BMW i3,스파크EV,볼트EV,테슬라"
서울특별시,대한무역투자진흥공사,서울특별시 서초구 염곡동 300-9,2 ,0 ,"SM3 Z.E,테슬라"
서울특별시,동산마을 공영주차장,서울특별시 서초구 양재동 370-5,1 ,0 ,"SM3 Z.E,테슬라"
서울특별시,래미안서초7차 아파트,서울특별시 서초구 서초동 1642-34,0 ,2 ,"SM3 Z.E,레이EV,소울EV,닛산리프,아이오닉EV,BMW i3,스파크EV,볼트EV,테슬라"
서울특별시,래미안서초스위트 아파트,서울특별시 서초구 서초동 1301-6,1 ,2 ,"SM3 Z.E,레이EV,소울EV,닛산리프,아이오닉EV,BMW i3,스파크EV,볼트EV,테슬라"
서울특별시,롯데캐슬헤론,서울특별시 서초구 방배동 754-1,1 ,2 ,"SM3 Z.E,레이EV,소울EV,닛산리프,아이오닉EV,BMW i3,스파크EV,볼트EV,테슬라"
서울특별시,리첸시아방배,서울특별시 서초구 방배동 755-14,0 ,2 ,"SM3 Z.E,레이EV,소울EV,닛산리프,아이오닉EV,BMW i3,스파크EV,볼트EV,테슬라"
서울특별시,반포동방음언덕형 공영주차장,서울특별시 서초구 반포동 730-2,1 ,0 ,"SM3 Z.E,테슬라"
서울특별시,반포리체 아파트,서울특별시 서초구 반포동 30-26,1 ,4 ,"SM3 Z.E,레이EV,소울EV,닛산리프,아이오닉EV,BMW i3,스파크EV,볼트EV,테슬라"
서울특별시,반포미도아파트,서울특별시 서초구 반포동 60-4,1 ,0 ,"SM3 Z.E,레이EV,소울EV,닛산리프,아이오닉EV,BMW i3,스파크EV,볼트EV,테슬라"
서울특별시,방배1차 e편한세상,서울특별시 서초구 방배동 884-2,0 ,2 ,"SM3 Z.E,레이EV,소울EV,닛산리프,아이오닉EV,BMW i3,스파크EV,볼트EV,테슬라"
서울특별시,방배3차e편한세상,서울특별시 서초구 방배동 797-30,0 ,2 ,"SM3 Z.E,레이EV,소울EV,닛산리프,아이오닉EV,BMW i3,스파크EV,볼트EV,테슬라"
서울특별시,방배동부센트레빌 아파트,서울특별시 서초구 방배동 3275,0 ,2 ,"SM3 Z.E,레이EV,소울EV,닛산리프,아이오닉EV,BMW i3,스파크EV,볼트EV,테슬라"
서울특별시,방배롯데캐슬아르떼,서울특별시 서초구 방배동 424-28,0 ,6 ,"SM3 Z.E,레이EV,소울EV,닛산리프,아이오닉EV,BMW i3,스파크EV,볼트EV,테슬라"
서울특별시,방배롯데캐슬포레스트,서울특별시 서초구 방배동 844-1,0 ,2 ,"SM3 Z.E,레이EV,소울EV,닛산리프,아이오닉EV,BMW i3,스파크EV,볼트EV,테슬라"
서울특별시,방배복개도로 제2지역 공영주차장,서울특별시 서초구 방배동 495-3,1 ,0 ,"SM3 Z.E,테슬라"
서울특별시,방배아이파크 아파트,서울특별시 서초구 방배동 3277,0 ,2 ,"SM3 Z.E,레이EV,소울EV,닛산리프,아이오닉EV,BMW i3,스파크EV,볼트EV,테슬라"
서울특별시,삼창골든빌리지 입주자대표회의,서울특별시 서초구 반포동 동광로32길 7,0 ,2 ,"SM3 Z.E,레이EV,소울EV,닛산리프,아이오닉EV,BMW i3,스파크EV,볼트EV,테슬라"
서울특별시,서울시립어린이병원,서울특별시 서초구 내곡동 6-7,1 ,0 ,"SM3 Z.E,레이EV,소울EV,닛산리프,아이오닉EV,BMW i3,스파크EV,볼트EV,테슬라"
서울특별시,서초2차e편한세상아파트,서울특별시 서초구 서초동 1529,0 ,3 ,"SM3 Z.E,레이EV,소울EV,닛산리프,아이오닉EV,BMW i3,스파크EV,볼트EV,테슬라"
서울특별시,서초경남아너스빌201동,서울특별시 서초구 서초동 1456-2,0 ,1 ,"SM3 Z.E,레이EV,소울EV,닛산리프,아이오닉EV,BMW i3,스파크EV,볼트EV,테슬라"
서울특별시,서초네이처힐1단지,서울특별시 서초구 우면동 707,0 ,2 ,"SM3 Z.E,레이EV,소울EV,닛산리프,아이오닉EV,BMW i3,스파크EV,볼트EV,테슬라"
서울특별시,서초네이처힐6단지,서울특별시 서초구 우면동 737,1 ,2 ,"SM3 Z.E,레이EV,소울EV,닛산리프,아이오닉EV,BMW i3,스파크EV,볼트EV,테슬라"
서울특별시,서초네이처힐7단지,서울특별시 서초구 우면동 735,0 ,2 ,"SM3 Z.E,레이EV,소울EV,닛산리프,아이오닉EV,BMW i3,스파크EV,볼트EV,테슬라"
서울특별시,서초더샵포레,서울특별시 서초구 내곡동 77,1 ,4 ,"SM3 Z.E,레이EV,소울EV,닛산리프,아이오닉EV,BMW i3,스파크EV,볼트EV,테슬라"
서울특별시,서초동일하이빌,서울특별시 서초구 서초동 1542-1,0 ,1 ,"SM3 Z.E,레이EV,소울EV,닛산리프,아이오닉EV,BMW i3,스파크EV,볼트EV,테슬라"
서울특별시,서초롯데캐슬84,서울특별시 서초구 서초동 1642-14,0 ,2 ,"SM3 Z.E,레이EV,소울EV,닛산리프,아이오닉EV,BMW i3,스파크EV,볼트EV,테슬라"
서울특별시,서초롯데캐슬프레지던트,서울특별시 서초구 서초동 1681-8,0 ,2 ,"SM3 Z.E,레이EV,소울EV,닛산리프,아이오닉EV,BMW i3,스파크EV,볼트EV,테슬라"
서울특별시,서초리젠 아파트,서울특별시 서초구 서초동 1444-19,0 ,2 ,"SM3 Z.E,레이EV,소울EV,닛산리프,아이오닉EV,BMW i3,스파크EV,볼트EV,테슬라"
서울특별시,서초아크빌,서울특별시 서초구 서초동 1568-1,0 ,2 ,"SM3 Z.E,레이EV,소울EV,닛산리프,아이오닉EV,BMW i3,스파크EV,볼트EV,테슬라"
서울특별시,서초지사,서울특별시 서초구 효령로 72길 60,6 ,7 ,"SM3 Z.E,레이EV,소울EV,닛산리프,아이오닉EV,BMW i3,스파크EV,볼트EV,테슬라"
서울특별시,서초포레스타5단지,서울특별시 서초구 신원동 374,1 ,3 ,"SM3 Z.E,레이EV,소울EV,닛산리프,아이오닉EV,BMW i3,스파크EV,볼트EV,테슬라"
서울특별시,서초호반써밋아파트,서울특별시 서초구 우면동 753,1 ,2 ,"SM3 Z.E,레이EV,소울EV,닛산리프,아이오닉EV,BMW i3,스파크EV,볼트EV,테슬라"
서울특별시,서초힐스 아파트,서울특별시 서초구 우면동 773,1 ,3 ,"SM3 Z.E,레이EV,소울EV,닛산리프,아이오닉EV,BMW i3,스파크EV,볼트EV,테슬라"
서울특별시,신세계 강남점,서울특별시 서초구 반포동 19-3,2 ,0 ,"SM3 Z.E,테슬라"
서울특별시,아크로리버파크,서울특별시 서초구 반포동 2-12,0 ,1 ,"SM3 Z.E,레이EV,소울EV,닛산리프,아이오닉EV,BMW i3,스파크EV,볼트EV,테슬라"
서울특별시,양재하이브랜드,서울특별시 서초구 양재동 215,4 ,0 ,"SM3 Z.E,테슬라"
서울특별시,예술의 전당,서울특별시 서초구 서초동 산 130-19,1 ,0 ,"SM3 Z.E,레이EV,소울EV,닛산리프,아이오닉EV,BMW i3,스파크EV,볼트EV,테슬라"
서울특별시,월드메르디앙 아파트,서울특별시 서초구 서초동 1549-3,1 ,0 ,"SM3 Z.E,레이EV,소울EV,닛산리프,아이오닉EV,BMW i3,스파크EV,볼트EV,테슬라"
서울특별시,잠원동방음언덕형 공영주차장,서울특별시 서초구 잠원동 10-33,1 ,0 ,"SM3 Z.E,테슬라"
서울특별시,태남빌딩 주차장,서울특별시 서초구 잠원로3길 40,1 ,0 ,"SM3 Z.E,테슬라"
서울특별시,한국연구재단,서울특별시 서초구 염곡동 304-3,2 ,0 ,"SM3 Z.E,테슬라"
서울특별시,현대ESA아파트,서울특별시 서초구 서초동 1338,0 ,1 ,"SM3 Z.E,레이EV,소울EV,닛산리프,아이오닉EV,BMW i3,스파크EV,볼트EV,테슬라"
서울특별시,현대멤피스(A),서울특별시 서초구 방배동 774-19,0 ,2 ,"레이EV,소울EV,닛산리프,아이오닉EV,BMW i3,스파크EV,볼트EV"
서울특별시,현대멤피스(B),서울특별시 서초구 방배동 772-13,0 ,2 ,"레이EV,소울EV,닛산리프,아이오닉EV,BMW i3,스파크EV,볼트EV"
서울특별시,e편한세상 금호파크힐스,서울특별시 성동구 금호동1가 금호로 140,1 ,3 ,"SM3 Z.E,레이EV,소울EV,닛산리프,아이오닉EV,BMW i3,스파크EV,볼트EV,테슬라"
서울특별시,광진성동지사,서울특별시 성동구 마장로27길 13,1 ,7 ,"SM3 Z.E,레이EV,소울EV,닛산리프,아이오닉EV,BMW i3,스파크EV,볼트EV,테슬라"
서울특별시,금호스포츠센터,서울특별시 성동구 금호동4가 56,1 ,0 ,"SM3 Z.E,테슬라"
서울특별시,금호자이1차,서울특별시 성동구 금호동2가 금호로 117,1 ,2 ,"SM3 Z.E,레이EV,소울EV,닛산리프,아이오닉EV,BMW i3,스파크EV,볼트EV,테슬라"
서울특별시,뚝섬유수지 공영주차장,서울특별시 성동구 성수동1가 685-63번지,10 ,0 ,"SM3 Z.E,테슬라"
서울특별시,리버그린동아 아파트,서울특별시 성동구 응봉동 고산자로4길 34,1 ,2 ,"SM3 Z.E,레이EV,소울EV,닛산리프,아이오닉EV,BMW i3,스파크EV,볼트EV,테슬라"
서울특별시,서울 새활용플라자,서울특별시 성동구 자동차시장길 49,2 ,0 ,"SM3 Z.E,레이EV,소울EV,닛산리프,아이오닉EV,BMW i3,스파크EV,볼트EV,테슬라"
서울특별시,서울숲M타워,서울특별시 성동구 성수동1가 656-334,1 ,0 ,"SM3 Z.E,테슬라"
서울특별시,서울숲SK V1 타워,서울특별시 성동구 성수동2가 284-55,6 ,0 ,"SM3 Z.E,테슬라"
서울특별시,서울숲푸르지오 아파트,서울특별시 성동구 금호동4가 금호로 15,1 ,0 ,"SM3 Z.E,레이EV,소울EV,닛산리프,아이오닉EV,BMW i3,스파크EV,볼트EV,테슬라"
서울특별시,성수2차대우 아파트,서울특별시 성동구 성수동1가 상원6길 16,0 ,2 ,"SM3 Z.E,레이EV,소울EV,닛산리프,아이오닉EV,BMW i3,스파크EV,볼트EV,테슬라"
서울특별시,성수동아이파크 아파트,서울특별시 성동구 성수동2가 성수이로 137,1 ,2 ,"SM3 Z.E,레이EV,소울EV,닛산리프,아이오닉EV,BMW i3,스파크EV,볼트EV,테슬라"
서울특별시,센트라스 1획지,서울특별시 성동구 하왕십리동 843,1 ,3 ,"SM3 Z.E,레이EV,소울EV,닛산리프,아이오닉EV,BMW i3,스파크EV,볼트EV,테슬라"
서울특별시,센트라스 2획지,서울특별시 성동구 상왕십리동 289-5,1 ,4 ,"SM3 Z.E,레이EV,소울EV,닛산리프,아이오닉EV,BMW i3,스파크EV,볼트EV,테슬라"
서울특별시,센트라스 3획지,서울특별시 성동구 상왕십리동 302-2,1 ,1 ,"SM3 Z.E,레이EV,소울EV,닛산리프,아이오닉EV,BMW i3,스파크EV,볼트EV,테슬라"
서울특별시,센트라스 6획지,서울특별시 성동구 하왕십리동 674-1,1 ,2 ,"SM3 Z.E,레이EV,소울EV,닛산리프,아이오닉EV,BMW i3,스파크EV,볼트EV,테슬라"
서울특별시,한양대학교,서울특별시 성동구 사근동 110,2 ,0 ,"SM3 Z.E,레이EV,소울EV,닛산리프,아이오닉EV,BMW i3,스파크EV,볼트EV,테슬라"
서울특별시,행당한진타운,서울특별시 성동구 행당동 행당로 82,2 ,2 ,"SM3 Z.E,레이EV,소울EV,닛산리프,아이오닉EV,BMW i3,스파크EV,볼트EV,테슬라"
서울특별시,고려대학교,서울특별시 성북구 안암동5가 1-2 (고려대학교안암캠퍼스),2 ,0 ,"SM3 Z.E,레이EV,소울EV,닛산리프,아이오닉EV,BMW i3,스파크EV,볼트EV,테슬라"
서울특별시,고려대학교(자연과학),서울특별시 성북구 안암동5가 126-16 (고려대학교안암캠퍼스),1 ,1 ,"SM3 Z.E,레이EV,소울EV,닛산리프,아이오닉EV,BMW i3,스파크EV,볼트EV,테슬라"
서울특별시,국민대학교,서울특별시 성북구 정릉동 861-1,2 ,0 ,"SM3 Z.E,레이EV,소울EV,닛산리프,아이오닉EV,BMW i3,스파크EV,볼트EV,테슬라"
서울특별시,금호어울림 센터힐 아파트,서울특별시 성북구 돈암동 643,1 ,2 ,"SM3 Z.E,레이EV,소울EV,닛산리프,아이오닉EV,BMW i3,스파크EV,볼트EV,테슬라"
서울특별시,길음래미안3차,서울특별시 성북구 길음동 1283,1 ,0 ,"SM3 Z.E,레이EV,소울EV,닛산리프,아이오닉EV,BMW i3,스파크EV,볼트EV,테슬라"
서울특별시,꿈의숲대명루첸 아파트,서울특별시 성북구 장위동 317,1 ,2 ,"SM3 Z.E,레이EV,소울EV,닛산리프,아이오닉EV,BMW i3,스파크EV,볼트EV,테슬라"
서울특별시,대림 샹그레빌,서울특별시 성북구 하월곡동 224,1 ,2 ,"SM3 Z.E,레이EV,소울EV,닛산리프,아이오닉EV,BMW i3,스파크EV,볼트EV,테슬라"
서울특별시,돈암더샵아파트,서울특별시 성북구 돈암동 603,1 ,0 ,"SM3 Z.E,레이EV,소울EV,닛산리프,아이오닉EV,BMW i3,스파크EV,볼트EV,테슬라"
서울특별시,돈암일신건영휴먼빌 아파트,서울특별시 성북구 돈암동 524,1 ,1 ,"SM3 Z.E,레이EV,소울EV,닛산리프,아이오닉EV,BMW i3,스파크EV,볼트EV,테슬라"
서울특별시,돈암현대,서울특별시 성북구 돈암동 1-3,0 ,2 ,"SM3 Z.E,레이EV,소울EV,닛산리프,아이오닉EV,BMW i3,스파크EV,볼트EV,테슬라"
서울특별시,동일하이빌뉴시티 아파트,서울특별시 성북구 하월곡동 88-387,1 ,2 ,"SM3 Z.E,레이EV,소울EV,닛산리프,아이오닉EV,BMW i3,스파크EV,볼트EV,테슬라"
서울특별시,래미안아트리지,서울특별시 성북구 석관동 410,0 ,10 ,"SM3 Z.E,레이EV,소울EV,닛산리프,아이오닉EV,BMW i3,스파크EV,볼트EV,테슬라"
서울특별시,보문하우스토리,서울특별시 성북구 보문동4가 116,0 ,1 ,"SM3 Z.E,레이EV,소울EV,닛산리프,아이오닉EV,BMW i3,스파크EV,볼트EV,테슬라"
서울특별시,브라운스톤돈암아파트,서울특별시 성북구 돈암동 636,1 ,1 ,"SM3 Z.E,레이EV,소울EV,닛산리프,아이오닉EV,BMW i3,스파크EV,볼트EV,테슬라"
서울특별시,삼선 SK뷰 아파트,서울특별시 성북구 삼선동3가 116,1 ,2 ,"SM3 Z.E,레이EV,소울EV,닛산리프,아이오닉EV,BMW i3,스파크EV,볼트EV,테슬라"
서울특별시,삼선푸르지오 아파트,서울특별시 성북구 삼선동2가 425,1 ,3 ,"SM3 Z.E,레이EV,소울EV,닛산리프,아이오닉EV,BMW i3,스파크EV,볼트EV,테슬라"
서울특별시,삼선힐스테이트,서울특별시 성북구 삼선동2가 294-8,0 ,3 ,"레이EV,소울EV,닛산리프,아이오닉EV,BMW i3,스파크EV,볼트EV"
서울특별시,석관두산 아파트,서울특별시 성북구 석관동 10,2 ,0 ,"SM3 Z.E,레이EV,소울EV,닛산리프,아이오닉EV,BMW i3,스파크EV,볼트EV,테슬라"
서울특별시,성북동아에코빌아파트,서울특별시 성북구 상월곡동 101,1 ,3 ,"SM3 Z.E,레이EV,소울EV,닛산리프,아이오닉EV,BMW i3,스파크EV,볼트EV,테슬라"
서울특별시,정릉2차 e편한세상 아파트,서울특별시 성북구 정릉동 1035,1 ,3 ,"SM3 Z.E,레이EV,소울EV,닛산리프,아이오닉EV,BMW i3,스파크EV,볼트EV,테슬라"
서울특별시,정릉e편한세상 아파트,서울특별시 성북구 정릉동 1028,1 ,2 ,"SM3 Z.E,레이EV,소울EV,닛산리프,아이오닉EV,BMW i3,스파크EV,볼트EV,테슬라"
서울특별시,정릉풍림아이원,서울특별시 성북구 정릉동 239,1 ,2 ,"SM3 Z.E,레이EV,소울EV,닛산리프,아이오닉EV,BMW i3,스파크EV,볼트EV,테슬라"
서울특별시,종암삼성래미안,서울특별시 성북구 종암동 80,1 ,0 ,"SM3 Z.E,레이EV,소울EV,닛산리프,아이오닉EV,BMW i3,스파크EV,볼트EV,테슬라"
서울특별시,한신휴아파트,서울특별시 성북구 동소문동7가 23,1 ,0 ,"SM3 Z.E,레이EV,소울EV,닛산리프,아이오닉EV,BMW i3,스파크EV,볼트EV,테슬라"
서울특별시,현대백화점 미아점,"서울특별시 성북구 동소문로 315 (길음동, 현대백화점미아점)",4 ,0 ,"SM3 Z.E,테슬라"
서울특별시,가락2동 주민센터,서울특별시 송파구 가락동 154,1 ,0 ,"SM3 Z.E,레이EV,소울EV,닛산리프,아이오닉EV,BMW i3,스파크EV,볼트EV,테슬라"
서울특별시,가락시장,서울특별시 송파구 양재대로 932,3 ,0 ,"SM3 Z.E,레이EV,소울EV,닛산리프,아이오닉EV,BMW i3,스파크EV,볼트EV,테슬라"
서울특별시,가락쌍용1차 아파트,서울특별시 송파구 가락동 동남로 193,2 ,4 ,"SM3 Z.E,레이EV,소울EV,닛산리프,아이오닉EV,BMW i3,스파크EV,볼트EV,테슬라"
서울특별시,가락우성2차 아파트,서울특별시 송파구 가락동 중대로12길 35,0 ,1 ,"SM3 Z.E,레이EV,소울EV,닛산리프,아이오닉EV,BMW i3,스파크EV,볼트EV,테슬라"
서울특별시,갤러리아팰리스,서울특별시 송파구 잠실동 40,1 ,3 ,"SM3 Z.E,레이EV,소울EV,닛산리프,아이오닉EV,BMW i3,스파크EV,볼트EV,테슬라"
서울특별시,거여1단지 아파트,서울특별시 송파구 거여동 양산로8길 8,1 ,4 ,"SM3 Z.E,레이EV,소울EV,닛산리프,아이오닉EV,BMW i3,스파크EV,볼트EV,테슬라"
서울특별시,거여2동 주민센터,서울특별시 송파구 거여동 195-1,1 ,0 ,"SM3 Z.E,레이EV,소울EV,닛산리프,아이오닉EV,BMW i3,스파크EV,볼트EV,테슬라"
서울특별시,거여4단지 아파트,서울특별시 송파구 거여동 양산로4길 8,1 ,3 ,"SM3 Z.E,레이EV,소울EV,닛산리프,아이오닉EV,BMW i3,스파크EV,볼트EV,테슬라"
서울특별시,거여5단지 아파트,서울특별시 송파구 거여동 양산로4길 16,1 ,3 ,"SM3 Z.E,레이EV,소울EV,닛산리프,아이오닉EV,BMW i3,스파크EV,볼트EV,테슬라"
서울특별시,더샵스타리버 아파트,서울특별시 송파구 올림픽로35길 93,1 ,0 ,"SM3 Z.E,레이EV,소울EV,닛산리프,아이오닉EV,BMW i3,스파크EV,볼트EV,테슬라"
서울특별시,레이크팰리스,서울특별시 송파구 잠실동 잠실로 88,2 ,6 ,"SM3 Z.E,레이EV,소울EV,닛산리프,아이오닉EV,BMW i3,스파크EV,볼트EV,테슬라"
서울특별시,리센츠 아파트,서울특별시 송파구 올림픽로 135,2 ,6 ,"SM3 Z.E,레이EV,소울EV,닛산리프,아이오닉EV,BMW i3,스파크EV,볼트EV,테슬라"
서울특별시,마천동1공영주차장,서울특별시 송파구 성내천로43길 6,1 ,0 ,"SM3 Z.E,레이EV,소울EV,닛산리프,아이오닉EV,BMW i3,스파크EV,볼트EV,테슬라"
서울특별시,문정근린공원 공영주차장,서울특별시 송파구 문정동 38-3,1 ,0 ,"SM3 Z.E,테슬라"
서울특별시,문정래미안아파트,서울특별시 송파구 문정동 문정로 83,1 ,3 ,"SM3 Z.E,레이EV,소울EV,닛산리프,아이오닉EV,BMW i3,스파크EV,볼트EV,테슬라"
서울특별시,방이동숙소,서울특별시 송파구 오금로 27길 29,0 ,2 ,"레이EV,소울EV,닛산리프,아이오닉EV,BMW i3,스파크EV,볼트EV"
서울특별시,삼전동 공영주차장,서울특별시 송파구 삼전동 175-8,1 ,0 ,"SM3 Z.E,레이EV,소울EV,닛산리프,아이오닉EV,BMW i3,스파크EV,볼트EV,테슬라"
서울특별시,송파공영주차장,서울특별시 송파구 송파동 128,1 ,0 ,"SM3 Z.E,테슬라"
서울특별시,송파구청,서울특별시 송파구 신천동 29-5 송파구청 앞,1 ,0 ,"SM3 Z.E,레이EV,소울EV,닛산리프,아이오닉EV,BMW i3,스파크EV,볼트EV,테슬라"
서울특별시,송파꿈에그린(위례24단지),서울특별시 송파구 장지동 516,2 ,5 ,"SM3 Z.E,레이EV,소울EV,닛산리프,아이오닉EV,BMW i3,스파크EV,볼트EV,테슬라"
서울특별시,송파더센트레,서울특별시 송파구 장지동 879,1 ,3 ,"SM3 Z.E,레이EV,소울EV,닛산리프,아이오닉EV,BMW i3,스파크EV,볼트EV,테슬라"
서울특별시,송파도서관,서울특별시 송파구 오금동 51,1 ,0 ,"SM3 Z.E,테슬라"
서울특별시,송파삼성래미안,서울특별시 송파구 송파동 오금로32길 14,1 ,3 ,"SM3 Z.E,레이EV,소울EV,닛산리프,아이오닉EV,BMW i3,스파크EV,볼트EV,테슬라"
서울특별시,송파성원상떼빌,서울특별시 송파구 가락동 송파대로28길 27,1 ,2 ,"SM3 Z.E,레이EV,소울EV,닛산리프,아이오닉EV,BMW i3,스파크EV,볼트EV,테슬라"
서울특별시,송파와이즈더샵,서울특별시 송파구 장지동 위례광장로 270,0 ,2 ,"SM3 Z.E,레이EV,소울EV,닛산리프,아이오닉EV,BMW i3,스파크EV,볼트EV,테슬라"
서울특별시,송파파인타운10단지,서울특별시 송파구 장지동 송파대로8길 20,1 ,2 ,"SM3 Z.E,레이EV,소울EV,닛산리프,아이오닉EV,BMW i3,스파크EV,볼트EV,테슬라"
서울특별시,송파파인타운1단지아파트,서울특별시 송파구 장지동 833,0 ,2 ,"SM3 Z.E,레이EV,소울EV,닛산리프,아이오닉EV,BMW i3,스파크EV,볼트EV,테슬라"
서울특별시,송파파인타운5단지,서울특별시 송파구 장지동 충민로4길 5,1 ,2 ,"SM3 Z.E,레이EV,소울EV,닛산리프,아이오닉EV,BMW i3,스파크EV,볼트EV,테슬라"
서울특별시,송파파인타운6단지 아파트,서울특별시 송파구 충민로6길 14,1 ,3 ,"SM3 Z.E,레이EV,소울EV,닛산리프,아이오닉EV,BMW i3,스파크EV,볼트EV,테슬라"
서울특별시,송파파인타운7단지,서울특별시 송파구 충민로 4길 19,1 ,3 ,"SM3 Z.E,레이EV,소울EV,닛산리프,아이오닉EV,BMW i3,스파크EV,볼트EV,테슬라"
서울특별시,송파파인타운9단지,서울특별시 송파구 송파대로 8길 17,1 ,2 ,"SM3 Z.E,레이EV,소울EV,닛산리프,아이오닉EV,BMW i3,스파크EV,볼트EV,테슬라"
서울특별시,송파파크데일1단지 아파트,서울특별시 송파구 마천동 성내천로37길 37,1 ,2 ,"SM3 Z.E,레이EV,소울EV,닛산리프,아이오닉EV,BMW i3,스파크EV,볼트EV,테슬라"
서울특별시,송파파크데일2단지,서울특별시 송파구 마천동 성내천로47길 38,1 ,2 ,"SM3 Z.E,레이EV,소울EV,닛산리프,아이오닉EV,BMW i3,스파크EV,볼트EV,테슬라"
서울특별시,송파현대힐스테이트,서울특별시 송파구 풍납동 풍성로26길 31,0 ,1 ,"SM3 Z.E,레이EV,소울EV,닛산리프,아이오닉EV,BMW i3,스파크EV,볼트EV,테슬라"
서울특별시,쌍용스윗닷홈 거여1차 아파트,서울특별시 송파구 거여동 28,0 ,2 ,"SM3 Z.E,레이EV,소울EV,닛산리프,아이오닉EV,BMW i3,스파크EV,볼트EV,테슬라"
서울특별시,위례 포레샤인 23단지,서울특별시 송파구 장지동 380-1,2 ,6 ,"SM3 Z.E,레이EV,소울EV,닛산리프,아이오닉EV,BMW i3,스파크EV,볼트EV,테슬라"
서울특별시,위례송파푸르지오 아파트,서울특별시 송파구 장지동 위례광장로 185,1 ,0 ,"SM3 Z.E,레이EV,소울EV,닛산리프,아이오닉EV,BMW i3,스파크EV,볼트EV,테슬라"
서울특별시,위례스타힐스,서울특별시 송파구 장지동 위례광장로 215,1 ,3 ,"SM3 Z.E,레이EV,소울EV,닛산리프,아이오닉EV,BMW i3,스파크EV,볼트EV,테슬라"
서울특별시,잠실롯데캐슬골드 아파트,서울특별시 송파구 신천동 올림픽로 269,1 ,2 ,"SM3 Z.E,레이EV,소울EV,닛산리프,아이오닉EV,BMW i3,스파크EV,볼트EV,테슬라"
서울특별시,잠실파크인수,서울특별시 송파구 잠실동 250-5,0 ,1 ,"SM3 Z.E,레이EV,소울EV,닛산리프,아이오닉EV,BMW i3,스파크EV,볼트EV,테슬라"
서울특별시,잠실한양3차 아파트,서울특별시 송파구 방이동 양재대로 1089,0 ,1 ,"SM3 Z.E,레이EV,소울EV,닛산리프,아이오닉EV,BMW i3,스파크EV,볼트EV,테슬라"
서울특별시,풍납쌍용,서울특별시 송파구 풍납동 올림픽로47길 9,1 ,2 ,"SM3 Z.E,레이EV,소울EV,닛산리프,아이오닉EV,BMW i3,스파크EV,볼트EV,테슬라"
서울특별시,한강극동아파트,서울특별시 송파구 풍납동 토성로 38-6,1 ,1 ,"SM3 Z.E,레이EV,소울EV,닛산리프,아이오닉EV,BMW i3,스파크EV,볼트EV,테슬라"
서울특별시,한국광고문화회관,서울특별시 송파구 신천동 7-11,1 ,0 ,"SM3 Z.E,레이EV,소울EV,닛산리프,아이오닉EV,BMW i3,스파크EV,볼트EV,테슬라"
서울특별시,호수임광아파트,서울특별시 송파구 송파동 송파대로48길 29,0 ,2 ,"레이EV,소울EV,닛산리프,아이오닉EV,BMW i3,스파크EV,볼트EV"
서울특별시,가로공원 공영주차장,서울특별시 양천구 신월동 263,1 ,0 ,"SM3 Z.E,레이EV,소울EV,닛산리프,아이오닉EV,BMW i3,스파크EV,볼트EV,테슬라"
서울특별시,강서수도사업소,서울특별시 양천구 신정동 319-15,1 ,0 ,"SM3 Z.E,테슬라"
서울특별시,강서양천지사,서울특별시 양천구 신정동 319-1,1 ,7 ,"SM3 Z.E,레이EV,소울EV,닛산리프,아이오닉EV,BMW i3,스파크EV,볼트EV,테슬라"
서울특별시,경창시장 고객주차장,서울특별시 양천구 신월동 446-4,1 ,0 ,"SM3 Z.E,테슬라"
서울특별시,등마루 공영주차장,서울특별시 양천구 목동 965-1,1 ,0 ,"SM3 Z.E,테슬라"
서울특별시,목4동현대 아파트,서울특별시 양천구 목동 755-1,0 ,2 ,"SM3 Z.E,레이EV,소울EV,닛산리프,아이오닉EV,BMW i3,스파크EV,볼트EV,테슬라"
서울특별시,목동 현대하이페리온2아파트,서울특별시 양천구 목동 961,1 ,3 ,"SM3 Z.E,레이EV,소울EV,닛산리프,아이오닉EV,BMW i3,스파크EV,볼트EV,테슬라"
서울특별시,목동2차우성아파트,서울특별시 양천구 신정동 337,1 ,0 ,"SM3 Z.E,레이EV,소울EV,닛산리프,아이오닉EV,BMW i3,스파크EV,볼트EV,테슬라"
서울특별시,목동삼성쉐르빌1,서울특별시 양천구 신정동 318-10,1 ,1 ,"SM3 Z.E,레이EV,소울EV,닛산리프,아이오닉EV,BMW i3,스파크EV,볼트EV,테슬라"
서울특별시,목동트윈빌,서울특별시 양천구 목동 905-22,1 ,2 ,"SM3 Z.E,레이EV,소울EV,닛산리프,아이오닉EV,BMW i3,스파크EV,볼트EV,테슬라"
서울특별시,목동힐스테이트아파트,서울특별시 양천구 신정동 중앙로36길 15,1 ,1 ,"SM3 Z.E,레이EV,소울EV,닛산리프,아이오닉EV,BMW i3,스파크EV,볼트EV,테슬라"
서울특별시,부영그린타운2차,서울특별시 양천구 목동 908-28,0 ,2 ,"SM3 Z.E,레이EV,소울EV,닛산리프,아이오닉EV,BMW i3,스파크EV,볼트EV,테슬라"
서울특별시,서울에너지공사 주차장,서울특별시 양천구 목동 900,4 ,0 ,"SM3 Z.E,레이EV,소울EV,닛산리프,아이오닉EV,BMW i3,스파크EV,볼트EV,테슬라"
서울특별시,신월코아루1단지아파트,서울특별시 양천구 신월동 남부순환로56길 9,0 ,3 ,"SM3 Z.E,레이EV,소울EV,닛산리프,아이오닉EV,BMW i3,스파크EV,볼트EV,테슬라"
서울특별시,신월해주 아파트,서울특별시 양천구 신월동 217-8,0 ,2 ,"SM3 Z.E,레이EV,소울EV,닛산리프,아이오닉EV,BMW i3,스파크EV,볼트EV,테슬라"
서울특별시,신정뉴타운두산위브아파트,서울특별시 양천구 신월로20길 7,1 ,0 ,"SM3 Z.E,레이EV,소울EV,닛산리프,아이오닉EV,BMW i3,스파크EV,볼트EV,테슬라"
서울특별시,신정동일하이빌아파트1단지,서울특별시 양천구 신정동 1311,0 ,1 ,"SM3 Z.E,레이EV,소울EV,닛산리프,아이오닉EV,BMW i3,스파크EV,볼트EV,테슬라"
서울특별시,신정동일하이빌아파트2단지,서울특별시 양천구 신정동 1310,0 ,1 ,"SM3 Z.E,레이EV,소울EV,닛산리프,아이오닉EV,BMW i3,스파크EV,볼트EV,테슬라"
서울특별시,신정숲속마을아파트,서울특별시 양천구 신정동 1324,1 ,0 ,"SM3 Z.E,레이EV,소울EV,닛산리프,아이오닉EV,BMW i3,스파크EV,볼트EV,테슬라"
서울특별시,신정이펜하우스 2단지,서울특별시 양천구 신정이펜2로 55,0 ,3 ,"SM3 Z.E,레이EV,소울EV,닛산리프,아이오닉EV,BMW i3,스파크EV,볼트EV,테슬라"
서울특별시,양천구청 지하주차장,서울특별시 양천구 신정동 321-4,2 ,0 ,"SM3 Z.E,테슬라"
서울특별시,양천벽산블루밍 아파트,서울특별시 양천구 신월동 1026,1 ,2 ,"SM3 Z.E,레이EV,소울EV,닛산리프,아이오닉EV,BMW i3,스파크EV,볼트EV,테슬라"
서울특별시,우당 아파트,서울특별시 양천구 신월동 506-1,0 ,2 ,"SM3 Z.E,레이EV,소울EV,닛산리프,아이오닉EV,BMW i3,스파크EV,볼트EV,테슬라"
서울특별시,푸른마을2단지,서울특별시 양천구 신정동 1281,1 ,1 ,"SM3 Z.E,레이EV,소울EV,닛산리프,아이오닉EV,BMW i3,스파크EV,볼트EV,테슬라"
서울특별시,한국방송광고진흥공사,서울특별시 양천구 목동 923-5,1 ,0 ,"SM3 Z.E,테슬라"
서울특별시,국회의사당,서울특별시 영등포구 여의도동 1,0 ,3 ,"SM3 Z.E,레이EV,소울EV,닛산리프,아이오닉EV,BMW i3,스파크EV,볼트EV,테슬라"
서울특별시,남서울직할,서울특별시 영등포구 여의도동 21,2 ,8 ,"SM3 Z.E,레이EV,소울EV,닛산리프,아이오닉EV,BMW i3,스파크EV,볼트EV,테슬라"
서울특별시,남서울직할(영등포)지사,서울특별시 영등포구 문래동3가 80,1 ,7 ,"SM3 Z.E,레이EV,소울EV,닛산리프,아이오닉EV,BMW i3,스파크EV,볼트EV,테슬라"
서울특별시,당산근린지하공영주차장,서울특별시 영등포구 당산동3가 385,2 ,0 ,"SM3 Z.E,테슬라"
서울특별시,당산대우 아파트,서울특별시 영등포구 당산동2가 16-1,1 ,2 ,"SM3 Z.E,레이EV,소울EV,닛산리프,아이오닉EV,BMW i3,스파크EV,볼트EV,테슬라"
서울특별시,대림동현대3차 아파트,서울특별시 영등포구 대림동 608-1,1 ,4 ,"SM3 Z.E,레이EV,소울EV,닛산리프,아이오닉EV,BMW i3,스파크EV,볼트EV,테슬라"
서울특별시,대림어린이공원 공영주차장,서울특별시 영등포구 대림동 870,1 ,0 ,"SM3 Z.E,레이EV,소울EV,닛산리프,아이오닉EV,BMW i3,스파크EV,볼트EV,테슬라"
서울특별시,대림운동장 공영주차장,서울특별시 영등포구 대림동 780,1 ,0 ,"SM3 Z.E,레이EV,소울EV,닛산리프,아이오닉EV,BMW i3,스파크EV,볼트EV,테슬라"
서울특별시,롯데캐슬엠파이어,서울특별시 영등포구 여의도동 의사당대로 127,1 ,2 ,"SM3 Z.E,레이EV,소울EV,닛산리프,아이오닉EV,BMW i3,스파크EV,볼트EV,테슬라"
서울특별시,문래건영아파트,서울특별시 영등포구 문래동3가 93-1,0 ,3 ,"SM3 Z.E,레이EV,소울EV,닛산리프,아이오닉EV,BMW i3,스파크EV,볼트EV,테슬라"
서울특별시,문래금호어울림 아파트,서울특별시 영등포구 문래동3가 97,0 ,1 ,"SM3 Z.E,레이EV,소울EV,닛산리프,아이오닉EV,BMW i3,스파크EV,볼트EV,테슬라"
서울특별시,문래자이아파트,서울특별시 영등포구 문래동3가 당산로4길 12,1 ,2 ,"SM3 Z.E,레이EV,소울EV,닛산리프,아이오닉EV,BMW i3,스파크EV,볼트EV,테슬라"
서울특별시,문래힐스테이트,서울특별시 영등포구 문래동3가 문래로 82,0 ,8 ,"SM3 Z.E,레이EV,소울EV,닛산리프,아이오닉EV,BMW i3,스파크EV,볼트EV,테슬라"
서울특별시,바다마을아파트,서울특별시 영등포구 신길동 가마산로 540,0 ,4 ,"SM3 Z.E,레이EV,소울EV,닛산리프,아이오닉EV,BMW i3,스파크EV,볼트EV,테슬라"
서울특별시,보라매벚꽃마을아파트,서울특별시 영등포구 신길동 대방천로14길 34,0 ,1 ,"SM3 Z.E,레이EV,소울EV,닛산리프,아이오닉EV,BMW i3,스파크EV,볼트EV,테슬라"
서울특별시,서울영등포우체국,서울특별시 영등포구 당산동4가 93-6,2 ,0 ,"SM3 Z.E,테슬라"
서울특별시,신길경남 아파트,서울특별시 영등포구 영등포로 351,1 ,2 ,"SM3 Z.E,레이EV,소울EV,닛산리프,아이오닉EV,BMW i3,스파크EV,볼트EV,테슬라"
서울특별시,신길뉴타운한화꿈에그린,서울특별시 영등포구 신길동 신길로 119,0 ,2 ,"SM3 Z.E,레이EV,소울EV,닛산리프,아이오닉EV,BMW i3,스파크EV,볼트EV,테슬라"
서울특별시,신길삼성래미안,서울특별시 영등포구 신길동 가마산로79길 7,1 ,2 ,"SM3 Z.E,레이EV,소울EV,닛산리프,아이오닉EV,BMW i3,스파크EV,볼트EV,테슬라"
서울특별시,양평한신아파트,서울특별시 영등포구 양평동5가 76,1 ,1 ,"SM3 Z.E,레이EV,소울EV,닛산리프,아이오닉EV,BMW i3,스파크EV,볼트EV,테슬라"
서울특별시,"여의도KBS (본관,신관)",서울특별시 영등포구 여의도동 18,4 ,0 ,"SM3 Z.E,테슬라"
서울특별시,영등포구민회관,서울특별시 영등포구 당산동3가 3,2 ,0 ,"SM3 Z.E,테슬라"
서울특별시,영등포레미안 아파트,서울특별시 영등포구 신길동 4945,1 ,3 ,"SM3 Z.E,레이EV,소울EV,닛산리프,아이오닉EV,BMW i3,스파크EV,볼트EV,테슬라"
서울특별시,영등포아트자이 아파트,서울특별시 영등포구 도림동 도영로 66,1 ,3 ,"SM3 Z.E,레이EV,소울EV,닛산리프,아이오닉EV,BMW i3,스파크EV,볼트EV,테슬라"
서울특별시,영등포전력지사,서울특별시 영등포구 경인로 878,1 ,2 ,"SM3 Z.E,레이EV,소울EV,닛산리프,아이오닉EV,BMW i3,스파크EV,볼트EV,테슬라"
서울특별시,LG한강자이 아파트,서울특별시 용산구 이촌동 이촌로64길 15,1 ,3 ,"SM3 Z.E,레이EV,소울EV,닛산리프,아이오닉EV,BMW i3,스파크EV,볼트EV,테슬라"
서울특별시,국립 중앙 박물관,서울특별시 용산구 용산동6가 11-426,3 ,0 ,"SM3 Z.E,레이EV,소울EV,닛산리프,아이오닉EV,BMW i3,스파크EV,볼트EV,테슬라"
서울특별시,대우월드마크용산,서울특별시 용산구 한강로1가 64,0 ,5 ,"SM3 Z.E,레이EV,소울EV,닛산리프,아이오닉EV,BMW i3,스파크EV,볼트EV,테슬라"
서울특별시,동아그린 아파트,서울특별시 용산구 이촌로 100-8,1 ,2 ,"SM3 Z.E,레이EV,소울EV,닛산리프,아이오닉EV,BMW i3,스파크EV,볼트EV,테슬라"
서울특별시,래미안첼리투스,서울특별시 용산구 이촌동 이촌로 300,1 ,2 ,"SM3 Z.E,레이EV,소울EV,닛산리프,아이오닉EV,BMW i3,스파크EV,볼트EV,테슬라"
서울특별시,리첸시아 아파트,서울특별시 용산구 백범로 341,1 ,0 ,"SM3 Z.E,레이EV,소울EV,닛산리프,아이오닉EV,BMW i3,스파크EV,볼트EV,테슬라"
서울특별시,리첸시아용산B블록,서울특별시 용산구 원효로1가 백범로 341,0 ,2 ,"SM3 Z.E,레이EV,소울EV,닛산리프,아이오닉EV,BMW i3,스파크EV,볼트EV,테슬라"
서울특별시,용산더프라임,서울특별시 용산구 원효로1가 원효로90길 11,1 ,1 ,"SM3 Z.E,레이EV,소울EV,닛산리프,아이오닉EV,BMW i3,스파크EV,볼트EV,테슬라"
서울특별시,용산시티파크1단지,서울특별시 용산구 한강로3가 서빙고로 35,1 ,0 ,"SM3 Z.E,레이EV,소울EV,닛산리프,아이오닉EV,BMW i3,스파크EV,볼트EV,테슬라"
서울특별시,용산아크로타워,서울특별시 용산구 문배동 백범로90길 26,0 ,2 ,"SM3 Z.E,레이EV,소울EV,닛산리프,아이오닉EV,BMW i3,스파크EV,볼트EV,테슬라"
서울특별시,용산역 아이파크몰,서울특별시 용산구 한강로3가 40-999,10 ,11 ,"SM3 Z.E,레이EV,소울EV,닛산리프,아이오닉EV,BMW i3,스파크EV,볼트EV,테슬라"
서울특별시,용산이안 아파트,서울특별시 용산구 문배동 백범로90길 74,0 ,2 ,"SM3 Z.E,레이EV,소울EV,닛산리프,아이오닉EV,BMW i3,스파크EV,볼트EV,테슬라"
서울특별시,용산전자상가1 공영주차장,서울특별시 용산구 한강로3가 12,1 ,0 ,"SM3 Z.E,레이EV,소울EV,닛산리프,아이오닉EV,BMW i3,스파크EV,볼트EV,테슬라"
서울특별시,용산파크자이아파트,서울특별시 용산구 한강로1가 50-1,0 ,5 ,"SM3 Z.E,레이EV,소울EV,닛산리프,아이오닉EV,BMW i3,스파크EV,볼트EV,테슬라"
서울특별시,용산한신 아파트,서울특별시 용산구 용산동2가 녹사평대로 245,0 ,2 ,"SM3 Z.E,레이EV,소울EV,닛산리프,아이오닉EV,BMW i3,스파크EV,볼트EV,테슬라"
서울특별시,이안용산프리미어,서울특별시 용산구 문배동 청파로 213,1 ,2 ,"SM3 Z.E,레이EV,소울EV,닛산리프,아이오닉EV,BMW i3,스파크EV,볼트EV,테슬라"
서울특별시,전쟁기념관,서울특별시 용산구 이태원로 29,3 ,0 ,"SM3 Z.E,테슬라"
서울특별시,청암자이 아파트,"서울특별시 용산구 삼개로 60 (청암동, 천년명가 청암자이)",1 ,2 ,"SM3 Z.E,레이EV,소울EV,닛산리프,아이오닉EV,BMW i3,스파크EV,볼트EV,테슬라"
서울특별시,파크타워 아파트,서울특별시 용산구 용산동5가 서빙고로 67,1 ,3 ,"SM3 Z.E,레이EV,소울EV,닛산리프,아이오닉EV,BMW i3,스파크EV,볼트EV,테슬라"
서울특별시,프라임팰리스,서울특별시 용산구 문배동 백범로90길 38,0 ,1 ,"SM3 Z.E,레이EV,소울EV,닛산리프,아이오닉EV,BMW i3,스파크EV,볼트EV,테슬라"
서울특별시,한강대우,서울특별시 용산구 이촌동 이촌로 181,1 ,2 ,"SM3 Z.E,레이EV,소울EV,닛산리프,아이오닉EV,BMW i3,스파크EV,볼트EV,테슬라"
서울특별시,한남동현대하이페리온,서울특별시 용산구 한남동 서빙고로 413,0 ,2 ,"SM3 Z.E,레이EV,소울EV,닛산리프,아이오닉EV,BMW i3,스파크EV,볼트EV,테슬라"
서울특별시,꿈에그린,서울특별시 은평구 진관동 65-31,0 ,2 ,"레이EV,소울EV,닛산리프,아이오닉EV,BMW i3,스파크EV,볼트EV"
서울특별시,서대문은평지사,서울특별시 은평구 통일로 659,1 ,3 ,"SM3 Z.E,레이EV,소울EV,닛산리프,아이오닉EV,BMW i3,스파크EV,볼트EV,테슬라"
서울특별시,서북병원,서울특별시 은평구 갈현로7길 49,1 ,0 ,"SM3 Z.E,레이EV,소울EV,닛산리프,아이오닉EV,BMW i3,스파크EV,볼트EV,테슬라"
서울특별시,은평뉴타운우물골6단지,서울특별시 은평구 진관동 진관2로 57-7,1 ,2 ,"SM3 Z.E,레이EV,소울EV,닛산리프,아이오닉EV,BMW i3,스파크EV,볼트EV,테슬라"
서울특별시,은평스카이뷰자이아파트,서울특별시 은평구 진관동 62,0 ,3 ,"SM3 Z.E,레이EV,소울EV,닛산리프,아이오닉EV,BMW i3,스파크EV,볼트EV,테슬라"
서울특별시,은평평화공원 공영주차장,서울특별시 은평구 녹번동 153-1,1 ,0 ,"SM3 Z.E,레이EV,소울EV,닛산리프,아이오닉EV,BMW i3,스파크EV,볼트EV,테슬라"
서울특별시,한국프라우드아파트,서울특별시 은평구 역촌동 9-54,0 ,1 ,"SM3 Z.E,레이EV,소울EV,닛산리프,아이오닉EV,BMW i3,스파크EV,볼트EV,테슬라"
서울특별시,SK렌터카 본사,서울특별시 종로구 관철동 7-3,1 ,2 ,"SM3 Z.E,테슬라"
서울특별시,경희궁의아침3단지 아파트,서울특별시 종로구 내수동 사직로8길 34,0 ,2 ,"SM3 Z.E,레이EV,소울EV,닛산리프,아이오닉EV,BMW i3,스파크EV,볼트EV,테슬라"
서울특별시,광화문스페이스본 아파트,서울특별시 종로구 사직동 사직로8길 4,1 ,3 ,"SM3 Z.E,레이EV,소울EV,닛산리프,아이오닉EV,BMW i3,스파크EV,볼트EV,테슬라"
서울특별시,국립현대미술관 서울관,서울특별시 종로구 소격동 165-10,2 ,0 ,"SM3 Z.E,레이EV,소울EV,닛산리프,아이오닉EV,BMW i3,스파크EV,볼트EV,테슬라"
서울특별시,동성빌라,서울특별시 종로구 구기동 비봉2길 32,0 ,1 ,"SM3 Z.E,레이EV,소울EV,닛산리프,아이오닉EV,BMW i3,스파크EV,볼트EV,테슬라"
서울특별시,명륜아남1차 아파트,서울특별시 종로구 명륜2가 창경궁로 265,1 ,2 ,"SM3 Z.E,레이EV,소울EV,닛산리프,아이오닉EV,BMW i3,스파크EV,볼트EV,테슬라"
서울특별시,무악현대 아파트,서울특별시 종로구 무악동 통일로 246-20,1 ,3 ,"SM3 Z.E,레이EV,소울EV,닛산리프,아이오닉EV,BMW i3,스파크EV,볼트EV,테슬라"
서울특별시,서울대학교병원 대한외래병동주차장,서울특별시 종로구 연건동 28-21,2 ,0 ,"SM3 Z.E,테슬라"
서울특별시,서울대학교병원 암병동 주차장,서울특별시 종로구 연건동 28-21,2 ,0 ,"SM3 Z.E,테슬라"
서울특별시,서울대학교병원 장례식장주차장,서울특별시 종로구 연건동 28-2,2 ,0 ,"SM3 Z.E,테슬라"
서울특별시,석탄회관,서울특별시 종로구 수송동 80-6,1 ,0 ,"SM3 Z.E,레이EV,소울EV,닛산리프,아이오닉EV,BMW i3,스파크EV,볼트EV,테슬라"
서울특별시,인왕산2차아이파크,서울특별시 종로구 무악동 통일로 246-20,0 ,2 ,"SM3 Z.E,레이EV,소울EV,닛산리프,아이오닉EV,BMW i3,스파크EV,볼트EV,테슬라"
서울특별시,종로센트레빌,서울특별시 종로구 숭인동 동망산길 47,1 ,0 ,"SM3 Z.E,레이EV,소울EV,닛산리프,아이오닉EV,BMW i3,스파크EV,볼트EV,테슬라"
서울특별시,창신두산 아파트,서울특별시 종로구 창신동 지봉로5길 7,1 ,2 ,"SM3 Z.E,레이EV,소울EV,닛산리프,아이오닉EV,BMW i3,스파크EV,볼트EV,테슬라"
서울특별시,창신쌍용2단지 아파트,서울특별시 종로구 창신동 낙산길 198,1 ,1 ,"SM3 Z.E,레이EV,소울EV,닛산리프,아이오닉EV,BMW i3,스파크EV,볼트EV,테슬라"
서울특별시,창신이수 아파트,서울특별시 종로구 창신동 지봉로 87,0 ,2 ,"SM3 Z.E,레이EV,소울EV,닛산리프,아이오닉EV,BMW i3,스파크EV,볼트EV,테슬라"
서울특별시,효성주얼리시티,서울특별시 종로구 인의동 종로 183,0 ,2 ,"SM3 Z.E,레이EV,소울EV,닛산리프,아이오닉EV,BMW i3,스파크EV,볼트EV,테슬라"
서울특별시,LIG서울역리가아파트,서울특별시 중구 만리동1가 231,0 ,2 ,"SM3 Z.E,레이EV,소울EV,닛산리프,아이오닉EV,BMW i3,스파크EV,볼트EV,테슬라"
서울특별시,국립중앙극장,서울특별시 중구 장충동2가 산 14-67,3 ,0 ,"SM3 Z.E,테슬라"
서울특별시,남산롯데캐슬아이리스 아파트,서울특별시 중구 소공로 35,1 ,0 ,"SM3 Z.E,레이EV,소울EV,닛산리프,아이오닉EV,BMW i3,스파크EV,볼트EV,테슬라"
서울특별시,남산센트럴자이,서울특별시 중구 충무로4가 퇴계로 235,0 ,2 ,"SM3 Z.E,레이EV,소울EV,닛산리프,아이오닉EV,BMW i3,스파크EV,볼트EV,테슬라"
서울특별시,남산케이블카,서울특별시 중구 회현동1가 산 1-19,1 ,0 ,"SM3 Z.E,레이EV,소울EV,닛산리프,아이오닉EV,BMW i3,스파크EV,볼트EV,테슬라"
서울특별시,남산타운 아파트,"서울특별시 중구 다산로 32 1동,21동,31동",2 ,6 ,"SM3 Z.E,레이EV,소울EV,닛산리프,아이오닉EV,BMW i3,스파크EV,볼트EV,테슬라"
서울특별시,덕수궁 롯데캐슬,서울특별시 중구 순화동 서소문로9길 28,0 ,2 ,"SM3 Z.E,레이EV,소울EV,닛산리프,아이오닉EV,BMW i3,스파크EV,볼트EV,테슬라"
서울특별시,동대문디자인플라자,서울특별시 중구 을지로7가 2-1,2 ,0 ,"SM3 Z.E,레이EV,소울EV,닛산리프,아이오닉EV,BMW i3,스파크EV,볼트EV,테슬라"
서울특별시,롯데캐슬베네치아,서울특별시 중구 황학동 청계천로 400,2 ,2 ,"SM3 Z.E,레이EV,소울EV,닛산리프,아이오닉EV,BMW i3,스파크EV,볼트EV,테슬라"
서울특별시,묵정공원 공영주차장,서울특별시 중구 충무로5가 21,2 ,0 ,"SM3 Z.E,테슬라"
서울특별시,서울시청,서울특별시 중구 태평로1가 31,2 ,0 ,"SM3 Z.E,레이EV,소울EV,닛산리프,아이오닉EV,BMW i3,스파크EV,볼트EV,테슬라"
서울특별시,서울역(한화역사),서울특별시 중구 봉래동2가 122,2 ,0 ,"SM3 Z.E,테슬라"
서울특별시,서울전력관리처,서울특별시 중구 퇴계로 140,1 ,2 ,"SM3 Z.E,레이EV,소울EV,닛산리프,아이오닉EV,BMW i3,스파크EV,볼트EV,테슬라"
서울특별시,서울직할,서울특별시 중구 남대문로 92,2 ,5 ,"SM3 Z.E,레이EV,소울EV,닛산리프,아이오닉EV,BMW i3,스파크EV,볼트EV,테슬라"
서울특별시,신세계 본점,-,2 ,0 ,"SM3 Z.E,테슬라"
서울특별시,쌍용남산플래티넘 아파트,서울특별시 중구 소공로 46,1 ,1 ,"SM3 Z.E,레이EV,소울EV,닛산리프,아이오닉EV,BMW i3,스파크EV,볼트EV,테슬라"
서울특별시,약수동공영주차장,서울특별시 중구 신당동 349-234,2 ,0 ,"SM3 Z.E,테슬라"
서울특별시,전국은행연합회,서울특별시 중구 명동1가 4-1,3 ,0 ,"SM3 Z.E,테슬라"
서울특별시,한국관광공사 옆 노상 공영주차장,서울특별시 중구 다동 85-4,3 ,0 ,"레이EV,소울EV,닛산리프,아이오닉EV,BMW i3"
서울특별시,동대문중랑지사,서울특별시 중랑구 동일로 862,1 ,6 ,"SM3 Z.E,레이EV,소울EV,닛산리프,아이오닉EV,BMW i3,스파크EV,볼트EV,테슬라"
서울특별시,면목3동 공영주차장,서울특별시 중랑구 면목동 1081-1,1 ,0 ,"SM3 Z.E,레이EV,소울EV,닛산리프,아이오닉EV,BMW i3,스파크EV,볼트EV,테슬라"
서울특별시,"면목두산2,3차 아파트",서울특별시 중랑구 면목동 면목로37길 58,1 ,2 ,"SM3 Z.E,레이EV,소울EV,닛산리프,아이오닉EV,BMW i3,스파크EV,볼트EV,테슬라"
서울특별시,"면목두산4,5단지 아파트",서울특별시 중랑구 면목동 사가정로42길 90,1 ,2 ,"SM3 Z.E,레이EV,소울EV,닛산리프,아이오닉EV,BMW i3,스파크EV,볼트EV,테슬라"
서울특별시,면목두원 아파트,서울특별시 중랑구 면목동 동일로 483,0 ,2 ,"SM3 Z.E,레이EV,소울EV,닛산리프,아이오닉EV,BMW i3,스파크EV,볼트EV,테슬라"
서울특별시,묵동자이1단지 아파트,서울특별시 중랑구 묵동 숙선옹주로 6-9,1 ,2 ,"SM3 Z.E,레이EV,소울EV,닛산리프,아이오닉EV,BMW i3,스파크EV,볼트EV,테슬라"
서울특별시,묵동자이2단지 아파트,서울특별시 중랑구 묵동 동일로 932,1 ,2 ,"SM3 Z.E,레이EV,소울EV,닛산리프,아이오닉EV,BMW i3,스파크EV,볼트EV,테슬라"
서울특별시,브라운스톤태릉 아파트,서울특별시 중랑구 묵동 공릉로18길 59,1 ,0 ,"SM3 Z.E,레이EV,소울EV,닛산리프,아이오닉EV,BMW i3,스파크EV,볼트EV,테슬라"
서울특별시,상봉우정 아파트,서울특별시 중랑구 상봉동 상봉중앙로1다길 21,1 ,1 ,"SM3 Z.E,레이EV,소울EV,닛산리프,아이오닉EV,BMW i3,스파크EV,볼트EV,테슬라"
서울특별시,신내7단지진로아파트,서울특별시 중랑구 신내동 654,1 ,1 ,"SM3 Z.E,레이EV,소울EV,닛산리프,아이오닉EV,BMW i3,스파크EV,볼트EV,테슬라"
서울특별시,신내LG쌍용아파트,서울특별시 중랑구 상봉동 봉화산로 130,1 ,1 ,"SM3 Z.E,레이EV,소울EV,닛산리프,아이오닉EV,BMW i3,스파크EV,볼트EV,테슬라"
서울특별시,신내건영1차 아파트,서울특별시 중랑구 상봉동 1,0 ,1 ,"SM3 Z.E,레이EV,소울EV,닛산리프,아이오닉EV,BMW i3,스파크EV,볼트EV,테슬라"
서울특별시,신내우디안1단지,서울특별시 중랑구 신내동 신내역로1길 85,1 ,2 ,"SM3 Z.E,레이EV,소울EV,닛산리프,아이오닉EV,BMW i3,스파크EV,볼트EV,테슬라"
서울특별시,신내테크노타운,서울특별시 중랑구 상봉동 485,1 ,0 ,"SM3 Z.E,테슬라"
서울특별시,우림골목시장 주차장,-,1 ,0 ,"SM3 Z.E,테슬라"
서울특별시,중랑숲리가 아파트,서울특별시 중랑구 망우동 망우로75길 19,1 ,2 ,"SM3 Z.E,레이EV,소울EV,닛산리프,아이오닉EV,BMW i3,스파크EV,볼트EV,테슬라"
서울특별시,중랑해모로 아파트,서울특별시 중랑구 망우동 양원역로 6,0 ,2 ,"SM3 Z.E,레이EV,소울EV,닛산리프,아이오닉EV,BMW i3,스파크EV,볼트EV,테슬라"
서울특별시,태릉시장 중화공영주차장,서울특별시 중랑구 중화동 73-6,2 ,0 ,"SM3 Z.E,테슬라"
서울특별시,한일써너스빌 아파트,서울특별시 중랑구 상봉동 81-5,1 ,1 ,"SM3 Z.E,레이EV,소울EV,닛산리프,아이오닉EV,BMW i3,스파크EV,볼트EV,테슬라"
